prvCode,cityCode,areaCode,deptCode,liCode,tboxNo,candNo,tks,candVictor,tksRate,選舉人數,投票率
09,007,NA,NA,NA,NA,1,3153, ,38.2,11621,73.69
09,007,NA,NA,NA,NA,2,3260,*,39.49,11621,73.69
09,007,NA,NA,NA,NA,3,1842, ,22.31,11621,73.69
09,007,NA,010,NA,NA,1,2287, ,39.45,7879,75.72
09,007,NA,010,NA,NA,2,2283,*,39.38,7879,75.72
09,007,NA,010,NA,NA,3,1227, ,21.17,7879,75.72
09,007,NA,020,NA,NA,1,510, ,44,1602,76.03
09,007,NA,020,NA,NA,2,419,*,36.15,1602,76.03
09,007,NA,020,NA,NA,3,230, ,19.84,1602,76.03
09,007,NA,030,NA,NA,1,234, ,25.22,1420,69.3
09,007,NA,030,NA,NA,2,410,*,44.18,1420,69.3
09,007,NA,030,NA,NA,3,284, ,30.6,1420,69.3
09,007,NA,040,NA,NA,1,122, ,32.88,720,54.86
09,007,NA,040,NA,NA,2,148,*,39.89,720,54.86
09,007,NA,040,NA,NA,3,101, ,27.22,720,54.86
09,020,NA,NA,NA,NA,1,10673, ,13.1,125776,67.06
09,020,NA,NA,NA,NA,2,15408, ,18.91,125776,67.06
09,020,NA,NA,NA,NA,3,10200, ,12.52,125776,67.06
09,020,NA,NA,NA,NA,4,15081, ,18.51,125776,67.06
09,020,NA,NA,NA,NA,5,13485, ,16.55,125776,67.06
09,020,NA,NA,NA,NA,6,16617,*,20.4,125776,67.06
09,020,NA,010,NA,NA,1,3322, ,13.07,39344,67.11
09,020,NA,010,NA,NA,2,4767, ,18.75,39344,67.11
09,020,NA,010,NA,NA,3,3268, ,12.85,39344,67.11
09,020,NA,010,NA,NA,4,4597, ,18.08,39344,67.11
09,020,NA,010,NA,NA,5,4203, ,16.53,39344,67.11
09,020,NA,010,NA,NA,6,5266,*,20.71,39344,67.11
09,020,NA,020,NA,NA,1,1592, ,12.75,20073,63.9
09,020,NA,020,NA,NA,2,2167, ,17.36,20073,63.9
09,020,NA,020,NA,NA,3,1470, ,11.77,20073,63.9
09,020,NA,020,NA,NA,4,2261, ,18.11,20073,63.9
09,020,NA,020,NA,NA,5,2405, ,19.26,20073,63.9
09,020,NA,020,NA,NA,6,2591,*,20.75,20073,63.9
09,020,NA,030,NA,NA,1,2028, ,13.05,24693,65.36
09,020,NA,030,NA,NA,2,2864, ,18.43,24693,65.36
09,020,NA,030,NA,NA,3,2137, ,13.75,24693,65.36
09,020,NA,030,NA,NA,4,2865, ,18.43,24693,65.36
09,020,NA,030,NA,NA,5,2476, ,15.93,24693,65.36
09,020,NA,030,NA,NA,6,3173,*,20.41,24693,65.36
09,020,NA,040,NA,NA,1,2715, ,13.05,31156,68.99
09,020,NA,040,NA,NA,2,4337, ,20.84,31156,68.99
09,020,NA,040,NA,NA,3,2336, ,11.23,31156,68.99
09,020,NA,040,NA,NA,4,3902, ,18.75,31156,68.99
09,020,NA,040,NA,NA,5,3280, ,15.76,31156,68.99
09,020,NA,040,NA,NA,6,4237,*,20.36,31156,68.99
09,020,NA,050,NA,NA,1,981, ,14.09,10142,71.27
09,020,NA,050,NA,NA,2,1227, ,17.63,10142,71.27
09,020,NA,050,NA,NA,3,949, ,13.64,10142,71.27
09,020,NA,050,NA,NA,4,1417, ,20.36,10142,71.27
09,020,NA,050,NA,NA,5,1079, ,15.5,10142,71.27
09,020,NA,050,NA,NA,6,1307,*,18.78,10142,71.27
09,020,NA,060,NA,NA,1,35, ,14.29,368,68.75
09,020,NA,060,NA,NA,2,46, ,18.78,368,68.75
09,020,NA,060,NA,NA,3,40, ,16.33,368,68.75
09,020,NA,060,NA,NA,4,39, ,15.92,368,68.75
09,020,NA,060,NA,NA,5,42, ,17.14,368,68.75
09,020,NA,060,NA,NA,6,43,*,17.55,368,68.75
10,002,NA,NA,NA,NA,1,43295, ,17.66,372081,68.12
10,002,NA,NA,NA,NA,2,44432, ,18.12,372081,68.12
10,002,NA,NA,NA,NA,3,44681,*,18.22,372081,68.12
10,002,NA,NA,NA,NA,4,33318, ,13.59,372081,68.12
10,002,NA,NA,NA,NA,5,36168, ,14.75,372081,68.12
10,002,NA,NA,NA,NA,6,43291, ,17.66,372081,68.12
10,002,NA,010,NA,NA,1,8707, ,18.37,73290,66.96
10,002,NA,010,NA,NA,2,8452, ,17.83,73290,66.96
10,002,NA,010,NA,NA,3,8577,*,18.1,73290,66.96
10,002,NA,010,NA,NA,4,6530, ,13.78,73290,66.96
10,002,NA,010,NA,NA,5,6933, ,14.63,73290,66.96
10,002,NA,010,NA,NA,6,8196, ,17.29,73290,66.96
10,002,NA,020,NA,NA,1,6532, ,18.17,53212,70.04
10,002,NA,020,NA,NA,2,6431, ,17.89,53212,70.04
10,002,NA,020,NA,NA,3,6657,*,18.51,53212,70.04
10,002,NA,020,NA,NA,4,4976, ,13.84,53212,70.04
10,002,NA,020,NA,NA,5,5502, ,15.3,53212,70.04
10,002,NA,020,NA,NA,6,5857, ,16.29,53212,70.04
10,002,NA,030,NA,NA,1,3435, ,16.38,33412,64.74
10,002,NA,030,NA,NA,2,3974, ,18.94,33412,64.74
10,002,NA,030,NA,NA,3,3883,*,18.51,33412,64.74
10,002,NA,030,NA,NA,4,2763, ,13.17,33412,64.74
10,002,NA,030,NA,NA,5,3099, ,14.77,33412,64.74
10,002,NA,030,NA,NA,6,3823, ,18.22,33412,64.74
10,002,NA,040,NA,NA,1,2816, ,18.23,22992,69.29
10,002,NA,040,NA,NA,2,2904, ,18.8,22992,69.29
10,002,NA,040,NA,NA,3,2761,*,17.88,22992,69.29
10,002,NA,040,NA,NA,4,2052, ,13.29,22992,69.29
10,002,NA,040,NA,NA,5,2142, ,13.87,22992,69.29
10,002,NA,040,NA,NA,6,2770, ,17.93,22992,69.29
10,002,NA,050,NA,NA,1,3374, ,17.06,30080,67.54
10,002,NA,050,NA,NA,2,3401, ,17.2,30080,67.54
10,002,NA,050,NA,NA,3,3787,*,19.15,30080,67.54
10,002,NA,050,NA,NA,4,2604, ,13.17,30080,67.54
10,002,NA,050,NA,NA,5,2941, ,14.87,30080,67.54
10,002,NA,050,NA,NA,6,3668, ,18.55,30080,67.54
10,002,NA,060,NA,NA,1,2560, ,19.69,20329,66.14
10,002,NA,060,NA,NA,2,2305, ,17.73,20329,66.14
10,002,NA,060,NA,NA,3,2167,*,16.67,20329,66.14
10,002,NA,060,NA,NA,4,1790, ,13.77,20329,66.14
10,002,NA,060,NA,NA,5,1856, ,14.28,20329,66.14
10,002,NA,060,NA,NA,6,2323, ,17.87,20329,66.14
10,002,NA,070,NA,NA,1,2992, ,16.98,26803,68.07
10,002,NA,070,NA,NA,2,3431, ,19.47,26803,68.07
10,002,NA,070,NA,NA,3,3236,*,18.36,26803,68.07
10,002,NA,070,NA,NA,4,2472, ,14.03,26803,68.07
10,002,NA,070,NA,NA,5,2466, ,13.99,26803,68.07
10,002,NA,070,NA,NA,6,3025, ,17.17,26803,68.07
10,002,NA,080,NA,NA,1,5481, ,17.21,47174,69.66
10,002,NA,080,NA,NA,2,5970, ,18.75,47174,69.66
10,002,NA,080,NA,NA,3,5752,*,18.07,47174,69.66
10,002,NA,080,NA,NA,4,4227, ,13.28,47174,69.66
10,002,NA,080,NA,NA,5,4809, ,15.1,47174,69.66
10,002,NA,080,NA,NA,6,5600, ,17.59,47174,69.66
10,002,NA,090,NA,NA,1,4024, ,16.27,37119,69.08
10,002,NA,090,NA,NA,2,4249, ,17.18,37119,69.08
10,002,NA,090,NA,NA,3,4566,*,18.46,37119,69.08
10,002,NA,090,NA,NA,4,3428, ,13.86,37119,69.08
10,002,NA,090,NA,NA,5,3661, ,14.8,37119,69.08
10,002,NA,090,NA,NA,6,4804, ,19.42,37119,69.08
10,002,NA,100,NA,NA,1,2320, ,18.07,19058,69.69
10,002,NA,100,NA,NA,2,2387, ,18.59,19058,69.69
10,002,NA,100,NA,NA,3,2161,*,16.83,19058,69.69
10,002,NA,100,NA,NA,4,1739, ,13.55,19058,69.69
10,002,NA,100,NA,NA,5,2003, ,15.6,19058,69.69
10,002,NA,100,NA,NA,6,2228, ,17.35,19058,69.69
10,002,NA,110,NA,NA,1,502, ,19.53,4182,62.89
10,002,NA,110,NA,NA,2,371, ,14.43,4182,62.89
10,002,NA,110,NA,NA,3,478,*,18.59,4182,62.89
10,002,NA,110,NA,NA,4,312, ,12.14,4182,62.89
10,002,NA,110,NA,NA,5,421, ,16.37,4182,62.89
10,002,NA,110,NA,NA,6,487, ,18.94,4182,62.89
10,002,NA,120,NA,NA,1,552, ,18.19,4430,70.65
10,002,NA,120,NA,NA,2,557, ,18.35,4430,70.65
10,002,NA,120,NA,NA,3,656,*,21.61,4430,70.65
10,002,NA,120,NA,NA,4,425, ,14,4430,70.65
10,002,NA,120,NA,NA,5,335, ,11.04,4430,70.65
10,002,NA,120,NA,NA,6,510, ,16.8,4430,70.65
10,004,NA,NA,NA,NA,1,66509,*,22.38,456039,67.53
10,004,NA,NA,NA,NA,2,57956, ,19.5,456039,67.53
10,004,NA,NA,NA,NA,3,60417, ,20.33,456039,67.53
10,004,NA,NA,NA,NA,4,55277, ,18.6,456039,67.53
10,004,NA,NA,NA,NA,5,57032, ,19.19,456039,67.53
10,004,NA,010,NA,NA,1,22752,*,22.52,155298,67.31
10,004,NA,010,NA,NA,2,19687, ,19.48,155298,67.31
10,004,NA,010,NA,NA,3,20470, ,20.26,155298,67.31
10,004,NA,010,NA,NA,4,18644, ,18.45,155298,67.31
10,004,NA,010,NA,NA,5,19494, ,19.29,155298,67.31
10,004,NA,020,NA,NA,1,11312,*,22.4,77142,67.76
10,004,NA,020,NA,NA,2,9830, ,19.46,77142,67.76
10,004,NA,020,NA,NA,3,10089, ,19.98,77142,67.76
10,004,NA,020,NA,NA,4,9763, ,19.33,77142,67.76
10,004,NA,020,NA,NA,5,9509, ,18.83,77142,67.76
10,004,NA,030,NA,NA,1,3861,*,22.03,26898,67.15
10,004,NA,030,NA,NA,2,3483, ,19.88,26898,67.15
10,004,NA,030,NA,NA,3,3595, ,20.52,26898,67.15
10,004,NA,030,NA,NA,4,3326, ,18.98,26898,67.15
10,004,NA,030,NA,NA,5,3258, ,18.59,26898,67.15
10,004,NA,040,NA,NA,1,3614,*,22.66,23327,71.02
10,004,NA,040,NA,NA,2,3113, ,19.52,23327,71.02
10,004,NA,040,NA,NA,3,3167, ,19.86,23327,71.02
10,004,NA,040,NA,NA,4,3128, ,19.61,23327,71.02
10,004,NA,040,NA,NA,5,2925, ,18.34,23327,71.02
10,004,NA,050,NA,NA,1,9567,*,22.77,63674,68.98
10,004,NA,050,NA,NA,2,8098, ,19.27,63674,68.98
10,004,NA,050,NA,NA,3,8231, ,19.59,63674,68.98
10,004,NA,050,NA,NA,4,7640, ,18.18,63674,68.98
10,004,NA,050,NA,NA,5,8480, ,20.18,63674,68.98
10,004,NA,060,NA,NA,1,6795,*,21.66,48732,66.61
10,004,NA,060,NA,NA,2,6102, ,19.45,48732,66.61
10,004,NA,060,NA,NA,3,6985, ,22.26,48732,66.61
10,004,NA,060,NA,NA,4,5688, ,18.13,48732,66.61
10,004,NA,060,NA,NA,5,5803, ,18.5,48732,66.61
10,004,NA,070,NA,NA,1,1991,*,22.45,15307,60.24
10,004,NA,070,NA,NA,2,1890, ,21.31,15307,60.24
10,004,NA,070,NA,NA,3,1821, ,20.53,15307,60.24
10,004,NA,070,NA,NA,4,1487, ,16.76,15307,60.24
10,004,NA,070,NA,NA,5,1681, ,18.95,15307,60.24
10,004,NA,080,NA,NA,1,1545,*,23.68,9882,68.26
10,004,NA,080,NA,NA,2,1262, ,19.34,9882,68.26
10,004,NA,080,NA,NA,3,1317, ,20.18,9882,68.26
10,004,NA,080,NA,NA,4,1210, ,18.54,9882,68.26
10,004,NA,080,NA,NA,5,1191, ,18.25,9882,68.26
10,004,NA,090,NA,NA,1,1201,*,23.18,7950,67.47
10,004,NA,090,NA,NA,2,975, ,18.82,7950,67.47
10,004,NA,090,NA,NA,3,946, ,18.26,7950,67.47
10,004,NA,090,NA,NA,4,974, ,18.8,7950,67.47
10,004,NA,090,NA,NA,5,1085, ,20.94,7950,67.47
10,004,NA,100,NA,NA,1,1645,*,20.62,12546,65.59
10,004,NA,100,NA,NA,2,1565, ,19.62,12546,65.59
10,004,NA,100,NA,NA,3,1720, ,21.56,12546,65.59
10,004,NA,100,NA,NA,4,1316, ,16.5,12546,65.59
10,004,NA,100,NA,NA,5,1732, ,21.71,12546,65.59
10,004,NA,110,NA,NA,1,754,*,21.49,4882,75.07
10,004,NA,110,NA,NA,2,658, ,18.75,4882,75.07
10,004,NA,110,NA,NA,3,758, ,21.6,4882,75.07
10,004,NA,110,NA,NA,4,682, ,19.44,4882,75.07
10,004,NA,110,NA,NA,5,657, ,18.72,4882,75.07
10,004,NA,120,NA,NA,1,902,*,21.44,6562,66.05
10,004,NA,120,NA,NA,2,804, ,19.11,6562,66.05
10,004,NA,120,NA,NA,3,828, ,19.68,6562,66.05
10,004,NA,120,NA,NA,4,885, ,21.04,6562,66.05
10,004,NA,120,NA,NA,5,788, ,18.73,6562,66.05
10,004,NA,130,NA,NA,1,570,*,22.69,3839,67.47
10,004,NA,130,NA,NA,2,489, ,19.47,3839,67.47
10,004,NA,130,NA,NA,3,490, ,19.51,3839,67.47
10,004,NA,130,NA,NA,4,534, ,21.26,3839,67.47
10,004,NA,130,NA,NA,5,429, ,17.08,3839,67.47
10,005,NA,NA,NA,NA,1,45860, ,16.73,422861,67.08
10,005,NA,NA,NA,NA,2,61157, ,22.3,422861,67.08
10,005,NA,NA,NA,NA,3,62291,*,22.72,422861,67.08
10,005,NA,NA,NA,NA,4,59800, ,21.81,422861,67.08
10,005,NA,NA,NA,NA,5,45090, ,16.44,422861,67.08
10,005,NA,010,NA,NA,1,7778, ,17.12,70692,66.46
10,005,NA,010,NA,NA,2,9942, ,21.89,70692,66.46
10,005,NA,010,NA,NA,3,10274,*,22.62,70692,66.46
10,005,NA,010,NA,NA,4,10032, ,22.08,70692,66.46
10,005,NA,010,NA,NA,5,7399, ,16.29,70692,66.46
10,005,NA,020,NA,NA,1,3780, ,17.01,34738,66.39
10,005,NA,020,NA,NA,2,4878, ,21.95,34738,66.39
10,005,NA,020,NA,NA,3,5038,*,22.67,34738,66.39
10,005,NA,020,NA,NA,4,4718, ,21.23,34738,66.39
10,005,NA,020,NA,NA,5,3806, ,17.13,34738,66.39
10,005,NA,030,NA,NA,1,2872, ,16.13,27257,67.67
10,005,NA,030,NA,NA,2,3757, ,21.1,27257,67.67
10,005,NA,030,NA,NA,3,4328,*,24.31,27257,67.67
10,005,NA,030,NA,NA,4,4117, ,23.12,27257,67.67
10,005,NA,030,NA,NA,5,2732, ,15.34,27257,67.67
10,005,NA,040,NA,NA,1,7371, ,17.22,65244,67.8
10,005,NA,040,NA,NA,2,9379, ,21.91,65244,67.8
10,005,NA,040,NA,NA,3,9675,*,22.6,65244,67.8
10,005,NA,040,NA,NA,4,8896, ,20.78,65244,67.8
10,005,NA,040,NA,NA,5,7483, ,17.48,65244,67.8
10,005,NA,050,NA,NA,1,8351, ,17.05,75205,67.65
10,005,NA,050,NA,NA,2,11335, ,23.14,75205,67.65
10,005,NA,050,NA,NA,3,10969,*,22.39,75205,67.65
10,005,NA,050,NA,NA,4,10441, ,21.31,75205,67.65
10,005,NA,050,NA,NA,5,7892, ,16.11,75205,67.65
10,005,NA,060,NA,NA,1,2834, ,16.06,27046,67.58
10,005,NA,060,NA,NA,2,4073, ,23.08,27046,67.58
10,005,NA,060,NA,NA,3,4123,*,23.36,27046,67.58
10,005,NA,060,NA,NA,4,3708, ,21.01,27046,67.58
10,005,NA,060,NA,NA,5,2913, ,16.5,27046,67.58
10,005,NA,070,NA,NA,1,1215, ,15.41,12644,64.38
10,005,NA,070,NA,NA,2,1639, ,20.79,12644,64.38
10,005,NA,070,NA,NA,3,1808,*,22.93,12644,64.38
10,005,NA,070,NA,NA,4,1940, ,24.61,12644,64.38
10,005,NA,070,NA,NA,5,1282, ,16.26,12644,64.38
10,005,NA,080,NA,NA,1,1085, ,14.59,11446,67.05
10,005,NA,080,NA,NA,2,1704, ,22.92,11446,67.05
10,005,NA,080,NA,NA,3,1666,*,22.41,11446,67.05
10,005,NA,080,NA,NA,4,1679, ,22.58,11446,67.05
10,005,NA,080,NA,NA,5,1301, ,17.5,11446,67.05
10,005,NA,090,NA,NA,1,3066, ,16.06,28992,67.84
10,005,NA,090,NA,NA,2,4563, ,23.9,28992,67.84
10,005,NA,090,NA,NA,3,4179,*,21.89,28992,67.84
10,005,NA,090,NA,NA,4,3969, ,20.79,28992,67.84
10,005,NA,090,NA,NA,5,3312, ,17.35,28992,67.84
10,005,NA,100,NA,NA,1,1319, ,15.8,12999,66.53
10,005,NA,100,NA,NA,2,1848, ,22.14,12999,66.53
10,005,NA,100,NA,NA,3,1887,*,22.61,12999,66.53
10,005,NA,100,NA,NA,4,1975, ,23.66,12999,66.53
10,005,NA,100,NA,NA,5,1318, ,15.79,12999,66.53
10,005,NA,110,NA,NA,1,694, ,15.98,7335,60.7
10,005,NA,110,NA,NA,2,839, ,19.32,7335,60.7
10,005,NA,110,NA,NA,3,1031,*,23.74,7335,60.7
10,005,NA,110,NA,NA,4,999, ,23.01,7335,60.7
10,005,NA,110,NA,NA,5,779, ,17.94,7335,60.7
10,005,NA,120,NA,NA,1,849, ,15.87,8436,65.28
10,005,NA,120,NA,NA,2,1231, ,23.01,8436,65.28
10,005,NA,120,NA,NA,3,1456,*,27.21,8436,65.28
10,005,NA,120,NA,NA,4,1052, ,19.66,8436,65.28
10,005,NA,120,NA,NA,5,763, ,14.26,8436,65.28
10,005,NA,130,NA,NA,1,1378, ,17.43,11899,68.77
10,005,NA,130,NA,NA,2,1873, ,23.69,11899,68.77
10,005,NA,130,NA,NA,3,1680,*,21.25,11899,68.77
10,005,NA,130,NA,NA,4,1901, ,24.04,11899,68.77
10,005,NA,130,NA,NA,5,1075, ,13.6,11899,68.77
10,005,NA,140,NA,NA,1,687, ,18.15,5846,66.52
10,005,NA,140,NA,NA,2,836, ,22.09,5846,66.52
10,005,NA,140,NA,NA,3,802,*,21.19,5846,66.52
10,005,NA,140,NA,NA,4,894, ,23.62,5846,66.52
10,005,NA,140,NA,NA,5,566, ,14.95,5846,66.52
10,005,NA,150,NA,NA,1,1002, ,16.17,9734,65.04
10,005,NA,150,NA,NA,2,1325, ,21.38,9734,65.04
10,005,NA,150,NA,NA,3,1418,*,22.88,9734,65.04
10,005,NA,150,NA,NA,4,1364, ,22.01,9734,65.04
10,005,NA,150,NA,NA,5,1089, ,17.57,9734,65.04
10,005,NA,160,NA,NA,1,648, ,18.08,5038,73.3
10,005,NA,160,NA,NA,2,846, ,23.6,5038,73.3
10,005,NA,160,NA,NA,3,714,*,19.92,5038,73.3
10,005,NA,160,NA,NA,4,852, ,23.77,5038,73.3
10,005,NA,160,NA,NA,5,524, ,14.62,5038,73.3
10,005,NA,170,NA,NA,1,515, ,20.33,3882,67.95
10,005,NA,170,NA,NA,2,502, ,19.82,3882,67.95
10,005,NA,170,NA,NA,3,532,*,21,3882,67.95
10,005,NA,170,NA,NA,4,568, ,22.42,3882,67.95
10,005,NA,170,NA,NA,5,416, ,16.42,3882,67.95
10,005,NA,180,NA,NA,1,416, ,14.6,4428,66.98
10,005,NA,180,NA,NA,2,587, ,20.6,4428,66.98
10,005,NA,180,NA,NA,3,711,*,24.96,4428,66.98
10,005,NA,180,NA,NA,4,695, ,24.39,4428,66.98
10,005,NA,180,NA,NA,5,440, ,15.44,4428,66.98
10,007,NA,NA,NA,NA,1,250064,*,38.78,978150,68.3
10,007,NA,NA,NA,NA,2,205495, ,31.86,978150,68.3
10,007,NA,NA,NA,NA,3,189335, ,29.36,978150,68.3
10,007,NA,010,NA,NA,1,43320,*,38.07,171419,68.58
10,007,NA,010,NA,NA,2,36137, ,31.75,171419,68.58
10,007,NA,010,NA,NA,3,34348, ,30.18,171419,68.58
10,007,NA,020,NA,NA,1,16675,*,36.96,68276,68.48
10,007,NA,020,NA,NA,2,14179, ,31.42,68276,68.48
10,007,NA,020,NA,NA,3,14268, ,31.62,68276,68.48
10,007,NA,030,NA,NA,1,18411,*,40.3,69726,67.95
10,007,NA,030,NA,NA,2,14784, ,32.36,69726,67.95
10,007,NA,030,NA,NA,3,12491, ,27.34,69726,67.95
10,007,NA,040,NA,NA,1,3600,*,39.98,12849,72.69
10,007,NA,040,NA,NA,2,2666, ,29.61,12849,72.69
10,007,NA,040,NA,NA,3,2739, ,30.42,12849,72.69
10,007,NA,050,NA,NA,1,7339,*,40.18,28284,67.04
10,007,NA,050,NA,NA,2,5533, ,30.29,28284,67.04
10,007,NA,050,NA,NA,3,5394, ,29.53,28284,67.04
10,007,NA,060,NA,NA,1,8867,*,38.86,35893,65.97
10,007,NA,060,NA,NA,2,7625, ,33.41,35893,65.97
10,007,NA,060,NA,NA,3,6328, ,27.73,35893,65.97
10,007,NA,070,NA,NA,1,8564,*,38.05,32635,71.37
10,007,NA,070,NA,NA,2,6792, ,30.18,32635,71.37
10,007,NA,070,NA,NA,3,7152, ,31.78,32635,71.37
10,007,NA,080,NA,NA,1,9062,*,39.42,35138,67.98
10,007,NA,080,NA,NA,2,7479, ,32.54,35138,67.98
10,007,NA,080,NA,NA,3,6445, ,28.04,35138,67.98
10,007,NA,090,NA,NA,1,4590,*,38.56,19198,64.31
10,007,NA,090,NA,NA,2,3334, ,28.01,19198,64.31
10,007,NA,090,NA,NA,3,3981, ,33.44,19198,64.31
10,007,NA,100,NA,NA,1,24048,*,38.9,93119,68.64
10,007,NA,100,NA,NA,2,18859, ,30.5,93119,68.64
10,007,NA,100,NA,NA,3,18918, ,30.6,93119,68.64
10,007,NA,110,NA,NA,1,11381,*,41.2,42148,67.87
10,007,NA,110,NA,NA,2,8034, ,29.09,42148,67.87
10,007,NA,110,NA,NA,3,8207, ,29.71,42148,67.87
10,007,NA,120,NA,NA,1,8398,*,39.41,31647,69.75
10,007,NA,120,NA,NA,2,6864, ,32.21,31647,69.75
10,007,NA,120,NA,NA,3,6048, ,28.38,31647,69.75
10,007,NA,130,NA,NA,1,7897,*,38.75,31153,67.67
10,007,NA,130,NA,NA,2,6385, ,31.33,31153,67.67
10,007,NA,130,NA,NA,3,6098, ,29.92,31153,67.67
10,007,NA,140,NA,NA,1,5791,*,36.44,24937,65.69
10,007,NA,140,NA,NA,2,5356, ,33.7,24937,65.69
10,007,NA,140,NA,NA,3,4744, ,29.85,24937,65.69
10,007,NA,150,NA,NA,1,6428,*,38.55,25447,68.02
10,007,NA,150,NA,NA,2,5596, ,33.56,25447,68.02
10,007,NA,150,NA,NA,3,4651, ,27.89,25447,68.02
10,007,NA,160,NA,NA,1,7694,*,38.6,29313,70.35
10,007,NA,160,NA,NA,2,7214, ,36.19,29313,70.35
10,007,NA,160,NA,NA,3,5023, ,25.2,29313,70.35
10,007,NA,170,NA,NA,1,7542,*,36.52,31601,67.56
10,007,NA,170,NA,NA,2,6969, ,33.75,31601,67.56
10,007,NA,170,NA,NA,3,6140, ,29.73,31601,67.56
10,007,NA,180,NA,NA,1,2850,*,40.08,11904,62.21
10,007,NA,180,NA,NA,2,2374, ,33.38,11904,62.21
10,007,NA,180,NA,NA,3,1887, ,26.54,11904,62.21
10,007,NA,190,NA,NA,1,6547,*,39.44,24686,69.73
10,007,NA,190,NA,NA,2,5183, ,31.23,24686,69.73
10,007,NA,190,NA,NA,3,4868, ,29.33,24686,69.73
10,007,NA,200,NA,NA,1,10529,*,38.69,41370,68.5
10,007,NA,200,NA,NA,2,9130, ,33.55,41370,68.5
10,007,NA,200,NA,NA,3,7558, ,27.77,41370,68.5
10,007,NA,210,NA,NA,1,5014,*,36.78,20846,68.03
10,007,NA,210,NA,NA,2,4494, ,32.96,20846,68.03
10,007,NA,210,NA,NA,3,4125, ,30.26,20846,68.03
10,007,NA,220,NA,NA,1,5935,*,41.34,22273,67.01
10,007,NA,220,NA,NA,2,4286, ,29.86,22273,67.01
10,007,NA,220,NA,NA,3,4135, ,28.8,22273,67.01
10,007,NA,230,NA,NA,1,6494,*,38.65,25319,68.85
10,007,NA,230,NA,NA,2,5780, ,34.4,25319,68.85
10,007,NA,230,NA,NA,3,4530, ,26.96,25319,68.85
10,007,NA,240,NA,NA,1,3310,*,38.85,12871,68.41
10,007,NA,240,NA,NA,2,2740, ,32.16,12871,68.41
10,007,NA,240,NA,NA,3,2469, ,28.98,12871,68.41
10,007,NA,250,NA,NA,1,2627,*,38.04,10664,67.48
10,007,NA,250,NA,NA,2,2172, ,31.46,10664,67.48
10,007,NA,250,NA,NA,3,2106, ,30.5,10664,67.48
10,007,NA,260,NA,NA,1,7151,*,41.19,25434,71.03
10,007,NA,260,NA,NA,2,5530, ,31.85,25434,71.03
10,007,NA,260,NA,NA,3,4682, ,26.97,25434,71.03
10,008,NA,NA,NA,NA,1,77295, ,30.32,386995,68.28
10,008,NA,NA,NA,NA,2,94775,*,37.18,386995,68.28
10,008,NA,NA,NA,NA,3,82828, ,32.49,386995,68.28
10,008,NA,010,NA,NA,1,15264, ,31,73722,68.9
10,008,NA,010,NA,NA,2,18667,*,37.92,73722,68.9
10,008,NA,010,NA,NA,3,15301, ,31.08,73722,68.9
10,008,NA,020,NA,NA,1,12999, ,31.26,63182,68.31
10,008,NA,020,NA,NA,2,14731,*,35.43,63182,68.31
10,008,NA,020,NA,NA,3,13851, ,33.31,63182,68.31
10,008,NA,030,NA,NA,1,15180, ,30.58,74157,69.28
10,008,NA,030,NA,NA,2,18416,*,37.1,74157,69.28
10,008,NA,030,NA,NA,3,16039, ,32.31,74157,69.28
10,008,NA,040,NA,NA,1,8749, ,30.3,43209,69.58
10,008,NA,040,NA,NA,2,10737,*,37.18,43209,69.58
10,008,NA,040,NA,NA,3,9389, ,32.52,43209,69.58
10,008,NA,050,NA,NA,1,1890, ,30.25,9478,68.5
10,008,NA,050,NA,NA,2,2326,*,37.23,9478,68.5
10,008,NA,050,NA,NA,3,2032, ,32.52,9478,68.5
10,008,NA,060,NA,NA,1,5471, ,28.11,29363,68.58
10,008,NA,060,NA,NA,2,7387,*,37.96,29363,68.58
10,008,NA,060,NA,NA,3,6604, ,33.93,29363,68.58
10,008,NA,070,NA,NA,1,2399, ,26.12,14740,64.75
10,008,NA,070,NA,NA,2,3503,*,38.13,14740,64.75
10,008,NA,070,NA,NA,3,3284, ,35.75,14740,64.75
10,008,NA,080,NA,NA,1,2316, ,30.46,11976,66.23
10,008,NA,080,NA,NA,2,2773,*,36.47,11976,66.23
10,008,NA,080,NA,NA,3,2515, ,33.07,11976,66.23
10,008,NA,090,NA,NA,1,2113, ,27.09,12600,64.33
10,008,NA,090,NA,NA,2,2991,*,38.34,12600,64.33
10,008,NA,090,NA,NA,3,2697, ,34.57,12600,64.33
10,008,NA,100,NA,NA,1,3287, ,31.95,16503,64.93
10,008,NA,100,NA,NA,2,3937,*,38.27,16503,64.93
10,008,NA,100,NA,NA,3,3063, ,29.78,16503,64.93
10,008,NA,110,NA,NA,1,2881, ,31,14361,66.79
10,008,NA,110,NA,NA,2,3416,*,36.75,14361,66.79
10,008,NA,110,NA,NA,3,2997, ,32.25,14361,66.79
10,008,NA,120,NA,NA,1,2595, ,30.44,12578,70.77
10,008,NA,120,NA,NA,2,3316,*,38.9,12578,70.77
10,008,NA,120,NA,NA,3,2614, ,30.66,12578,70.77
10,008,NA,130,NA,NA,1,2151, ,30.01,11126,66.83
10,008,NA,130,NA,NA,2,2575,*,35.92,11126,66.83
10,008,NA,130,NA,NA,3,2442, ,34.07,11126,66.83
10,009,NA,NA,NA,NA,1,124269, ,33.1,574242,67.68
10,009,NA,NA,NA,NA,2,126121,*,33.59,574242,67.68
10,009,NA,NA,NA,NA,3,125082, ,33.31,574242,67.68
10,009,NA,010,NA,NA,1,20934, ,34.76,89125,69.79
10,009,NA,010,NA,NA,2,19150,*,31.8,89125,69.79
10,009,NA,010,NA,NA,3,20142, ,33.44,89125,69.79
10,009,NA,020,NA,NA,1,7036, ,30.77,35283,67.16
10,009,NA,020,NA,NA,2,7736,*,33.83,35283,67.16
10,009,NA,020,NA,NA,3,8095, ,35.4,35283,67.16
10,009,NA,030,NA,NA,1,12902, ,32.93,61221,66.34
10,009,NA,030,NA,NA,2,12862,*,32.83,61221,66.34
10,009,NA,030,NA,NA,3,13412, ,34.24,61221,66.34
10,009,NA,040,NA,NA,1,7725, ,32.1,36724,67.58
10,009,NA,040,NA,NA,2,8125,*,33.76,36724,67.58
10,009,NA,040,NA,NA,3,8217, ,34.14,36724,67.58
10,009,NA,050,NA,NA,1,4872, ,33.44,22468,66.77
10,009,NA,050,NA,NA,2,4726,*,32.44,22468,66.77
10,009,NA,050,NA,NA,3,4971, ,34.12,22468,66.77
10,009,NA,060,NA,NA,1,6172, ,29.99,31903,67.05
10,009,NA,060,NA,NA,2,7635,*,37.1,31903,67.05
10,009,NA,060,NA,NA,3,6771, ,32.9,31903,67.05
10,009,NA,070,NA,NA,1,5956, ,34.17,27332,66.15
10,009,NA,070,NA,NA,2,5808,*,33.32,27332,66.15
10,009,NA,070,NA,NA,3,5666, ,32.51,27332,66.15
10,009,NA,080,NA,NA,1,3309, ,31.47,16792,64.97
10,009,NA,080,NA,NA,2,3731,*,35.48,16792,64.97
10,009,NA,080,NA,NA,3,3476, ,33.05,16792,64.97
10,009,NA,090,NA,NA,1,5927, ,32.92,27243,68.54
10,009,NA,090,NA,NA,2,6395,*,35.52,27243,68.54
10,009,NA,090,NA,NA,3,5683, ,31.56,27243,68.54
10,009,NA,100,NA,NA,1,2980, ,30.05,14629,70
10,009,NA,100,NA,NA,2,3542,*,35.72,14629,70
10,009,NA,100,NA,NA,3,3394, ,34.23,14629,70
10,009,NA,110,NA,NA,1,5408, ,35.78,23486,67.33
10,009,NA,110,NA,NA,2,5070,*,33.55,23486,67.33
10,009,NA,110,NA,NA,3,4636, ,30.67,23486,67.33
10,009,NA,120,NA,NA,1,3546, ,29.45,18982,65.59
10,009,NA,120,NA,NA,2,4215,*,35.01,18982,65.59
10,009,NA,120,NA,NA,3,4279, ,35.54,18982,65.59
10,009,NA,130,NA,NA,1,10124, ,36.08,41879,68.97
10,009,NA,130,NA,NA,2,9179,*,32.72,41879,68.97
10,009,NA,130,NA,NA,3,8753, ,31.2,41879,68.97
10,009,NA,140,NA,NA,1,3125, ,32.41,13552,73.77
10,009,NA,140,NA,NA,2,3398,*,35.24,13552,73.77
10,009,NA,140,NA,NA,3,3119, ,32.35,13552,73.77
10,009,NA,150,NA,NA,1,2185, ,33.62,10138,66.22
10,009,NA,150,NA,NA,2,2224,*,34.22,10138,66.22
10,009,NA,150,NA,NA,3,2090, ,32.16,10138,66.22
10,009,NA,160,NA,NA,1,4492, ,35.29,19980,66.19
10,009,NA,160,NA,NA,2,4285,*,33.66,19980,66.19
10,009,NA,160,NA,NA,3,3953, ,31.05,19980,66.19
10,009,NA,170,NA,NA,1,4687, ,34.56,21511,65.29
10,009,NA,170,NA,NA,2,4063,*,29.96,21511,65.29
10,009,NA,170,NA,NA,3,4813, ,35.49,21511,65.29
10,009,NA,180,NA,NA,1,4181, ,34.41,18747,67.32
10,009,NA,180,NA,NA,2,4229,*,34.81,18747,67.32
10,009,NA,180,NA,NA,3,3739, ,30.78,18747,67.32
10,009,NA,190,NA,NA,1,4388, ,29.91,23394,65
10,009,NA,190,NA,NA,2,5220,*,35.58,23394,65
10,009,NA,190,NA,NA,3,5063, ,34.51,23394,65
10,009,NA,200,NA,NA,1,4320, ,31.63,19853,70.82
10,009,NA,200,NA,NA,2,4528,*,33.15,19853,70.82
10,009,NA,200,NA,NA,3,4810, ,35.22,19853,70.82
10,010,NA,NA,NA,NA,1,107063, ,38.07,436510,66.71
10,010,NA,NA,NA,NA,2,174161,*,61.93,436510,66.71
10,010,NA,010,NA,NA,1,9270, ,40.18,35263,67.72
10,010,NA,010,NA,NA,2,13801,*,59.82,35263,67.72
10,010,NA,020,NA,NA,1,8318, ,39.57,32739,66.28
10,010,NA,020,NA,NA,2,12702,*,60.43,32739,66.28
10,010,NA,030,NA,NA,1,5642, ,39.74,21163,69.74
10,010,NA,030,NA,NA,2,8556,*,60.26,21163,69.74
10,010,NA,040,NA,NA,1,5847, ,36.39,25803,64.38
10,010,NA,040,NA,NA,2,10219,*,63.61,25803,64.38
10,010,NA,050,NA,NA,1,15661, ,39.66,60858,67.21
10,010,NA,050,NA,NA,2,23831,*,60.34,60858,67.21
10,010,NA,060,NA,NA,1,2510, ,34.48,11989,62.93
10,010,NA,060,NA,NA,2,4770,*,65.52,11989,62.93
10,010,NA,070,NA,NA,1,5827, ,35.14,26502,64.71
10,010,NA,070,NA,NA,2,10757,*,64.86,26502,64.71
10,010,NA,080,NA,NA,1,4723, ,36.88,19066,69.53
10,010,NA,080,NA,NA,2,8084,*,63.12,19066,69.53
10,010,NA,090,NA,NA,1,4934, ,37.6,20641,65.52
10,010,NA,090,NA,NA,2,8189,*,62.4,20641,65.52
10,010,NA,100,NA,NA,1,4053, ,37.78,16598,67.18
10,010,NA,100,NA,NA,2,6674,*,62.22,16598,67.18
10,010,NA,110,NA,NA,1,2804, ,35.3,12658,64.77
10,010,NA,110,NA,NA,2,5139,*,64.7,12658,64.77
10,010,NA,120,NA,NA,1,10900, ,37.43,45443,66.58
10,010,NA,120,NA,NA,2,18221,*,62.57,45443,66.58
10,010,NA,130,NA,NA,1,10993, ,37.19,45618,67.15
10,010,NA,130,NA,NA,2,18568,*,62.81,45618,67.15
10,010,NA,140,NA,NA,1,7267, ,39.75,28695,66.06
10,010,NA,140,NA,NA,2,11014,*,60.25,28695,66.06
10,010,NA,150,NA,NA,1,4316, ,39.89,16467,67.8
10,010,NA,150,NA,NA,2,6505,*,60.11,16467,67.8
10,010,NA,160,NA,NA,1,2106, ,33.64,9408,68.97
10,010,NA,160,NA,NA,2,4154,*,66.36,9408,68.97
10,010,NA,170,NA,NA,1,891, ,37.36,3822,64.44
10,010,NA,170,NA,NA,2,1494,*,62.64,3822,64.44
10,010,NA,180,NA,NA,1,1001, ,40.3,3777,68.02
10,010,NA,180,NA,NA,2,1483,*,59.7,3777,68.02
10,013,NA,NA,NA,NA,1,122110, ,28.22,656403,68.2
10,013,NA,NA,NA,NA,2,134202, ,31.01,656403,68.2
10,013,NA,NA,NA,NA,3,176396,*,40.77,656403,68.2
10,013,NA,010,NA,NA,1,24252, ,26.74,139042,67.53
10,013,NA,010,NA,NA,2,28692, ,31.64,139042,67.53
10,013,NA,010,NA,NA,3,37746,*,41.62,139042,67.53
10,013,NA,020,NA,NA,1,9183, ,29.25,47271,68.64
10,013,NA,020,NA,NA,2,9597, ,30.57,47271,68.64
10,013,NA,020,NA,NA,3,12613,*,40.18,47271,68.64
10,013,NA,030,NA,NA,1,6303, ,27.23,36288,65.85
10,013,NA,030,NA,NA,2,7725, ,33.37,36288,65.85
10,013,NA,030,NA,NA,3,9121,*,39.4,36288,65.85
10,013,NA,040,NA,NA,1,5117, ,29.13,26090,69.61
10,013,NA,040,NA,NA,2,5562, ,31.67,26090,69.61
10,013,NA,040,NA,NA,3,6886,*,39.2,26090,69.61
10,013,NA,050,NA,NA,1,8665, ,29.66,44060,68.99
10,013,NA,050,NA,NA,2,8400, ,28.76,44060,68.99
10,013,NA,050,NA,NA,3,12145,*,41.58,44060,68.99
10,013,NA,060,NA,NA,1,5037, ,31.1,24364,68.5
10,013,NA,060,NA,NA,2,4593, ,28.36,24364,68.5
10,013,NA,060,NA,NA,3,6568,*,40.55,24364,68.5
10,013,NA,070,NA,NA,1,1902, ,30.94,9624,66.32
10,013,NA,070,NA,NA,2,1580, ,25.7,9624,66.32
10,013,NA,070,NA,NA,3,2666,*,43.36,9624,66.32
10,013,NA,080,NA,NA,1,4409, ,31.6,20530,70.62
10,013,NA,080,NA,NA,2,4414, ,31.64,20530,70.62
10,013,NA,080,NA,NA,3,5129,*,36.76,20530,70.62
10,013,NA,090,NA,NA,1,3791, ,29.99,19253,68.04
10,013,NA,090,NA,NA,2,3713, ,29.37,19253,68.04
10,013,NA,090,NA,NA,3,5137,*,40.64,19253,68.04
10,013,NA,100,NA,NA,1,4599, ,30.27,23212,67.57
10,013,NA,100,NA,NA,2,4411, ,29.04,23212,67.57
10,013,NA,100,NA,NA,3,6181,*,40.69,23212,67.57
10,013,NA,110,NA,NA,1,4465, ,28.68,22370,71.78
10,013,NA,110,NA,NA,2,4420, ,28.39,22370,71.78
10,013,NA,110,NA,NA,3,6685,*,42.94,22370,71.78
10,013,NA,120,NA,NA,1,2634, ,24.65,16004,68.85
10,013,NA,120,NA,NA,2,3555, ,33.27,16004,68.85
10,013,NA,120,NA,NA,3,4496,*,42.08,16004,68.85
10,013,NA,130,NA,NA,1,8479, ,29.33,43841,68.18
10,013,NA,130,NA,NA,2,8524, ,29.48,43841,68.18
10,013,NA,130,NA,NA,3,11909,*,41.19,43841,68.18
10,013,NA,140,NA,NA,1,2720, ,27.59,14269,71.51
10,013,NA,140,NA,NA,2,2990, ,30.33,14269,71.51
10,013,NA,140,NA,NA,3,4149,*,42.08,14269,71.51
10,013,NA,150,NA,NA,1,1596, ,26.81,8928,68.26
10,013,NA,150,NA,NA,2,1957, ,32.88,8928,68.26
10,013,NA,150,NA,NA,3,2399,*,40.31,8928,68.26
10,013,NA,160,NA,NA,1,3486, ,27.07,19916,66.84
10,013,NA,160,NA,NA,2,4264, ,33.12,19916,66.84
10,013,NA,160,NA,NA,3,5126,*,39.81,19916,66.84
10,013,NA,170,NA,NA,1,5030, ,26.64,28406,68.53
10,013,NA,170,NA,NA,2,5924, ,31.37,28406,68.53
10,013,NA,170,NA,NA,3,7929,*,41.99,28406,68.53
10,013,NA,180,NA,NA,1,2241, ,27.65,11689,71.97
10,013,NA,180,NA,NA,2,2786, ,34.38,11689,71.97
10,013,NA,180,NA,NA,3,3077,*,37.97,11689,71.97
10,013,NA,190,NA,NA,1,2563, ,29.83,14440,62.19
10,013,NA,190,NA,NA,2,2871, ,33.41,14440,62.19
10,013,NA,190,NA,NA,3,3159,*,36.76,14440,62.19
10,013,NA,200,NA,NA,1,1481, ,24.8,8772,70.16
10,013,NA,200,NA,NA,2,1808, ,30.28,8772,70.16
10,013,NA,200,NA,NA,3,2682,*,44.92,8772,70.16
10,013,NA,210,NA,NA,1,2841, ,27.06,15395,70.41
10,013,NA,210,NA,NA,2,3061, ,29.15,15395,70.41
10,013,NA,210,NA,NA,3,4598,*,43.79,15395,70.41
10,013,NA,220,NA,NA,1,1825, ,26.98,10394,67.25
10,013,NA,220,NA,NA,2,2136, ,31.58,10394,67.25
10,013,NA,220,NA,NA,3,2803,*,41.44,10394,67.25
10,013,NA,230,NA,NA,1,1298, ,27.68,7105,67.91
10,013,NA,230,NA,NA,2,1508, ,32.15,7105,67.91
10,013,NA,230,NA,NA,3,1884,*,40.17,7105,67.91
10,013,NA,240,NA,NA,1,997, ,25.01,6049,68.82
10,013,NA,240,NA,NA,2,1482, ,37.17,6049,68.82
10,013,NA,240,NA,NA,3,1508,*,37.82,6049,68.82
10,013,NA,250,NA,NA,1,711, ,30.08,3986,61.79
10,013,NA,250,NA,NA,2,911, ,38.54,3986,61.79
10,013,NA,250,NA,NA,3,742,*,31.39,3986,61.79
10,013,NA,260,NA,NA,1,1160, ,27.8,6386,67.8
10,013,NA,260,NA,NA,2,1440, ,34.52,6386,67.8
10,013,NA,260,NA,NA,3,1572,*,37.68,6386,67.8
10,013,NA,270,NA,NA,1,644, ,32.07,2978,68.67
10,013,NA,270,NA,NA,2,577, ,28.74,2978,68.67
10,013,NA,270,NA,NA,3,787,*,39.19,2978,68.67
10,013,NA,280,NA,NA,1,901, ,28.09,5220,63.91
10,013,NA,280,NA,NA,2,1058, ,32.99,5220,63.91
10,013,NA,280,NA,NA,3,1248,*,38.91,5220,63.91
10,013,NA,290,NA,NA,1,635, ,26.24,3624,68.85
10,013,NA,290,NA,NA,2,943, ,38.97,3624,68.85
10,013,NA,290,NA,NA,3,842,*,34.79,3624,68.85
10,013,NA,300,NA,NA,1,1238, ,31.46,5795,70.6
10,013,NA,300,NA,NA,2,1220, ,31,5795,70.6
10,013,NA,300,NA,NA,3,1477,*,37.53,5795,70.6
10,013,NA,310,NA,NA,1,568, ,26.36,3458,65.47
10,013,NA,310,NA,NA,2,710, ,32.95,3458,65.47
10,013,NA,310,NA,NA,3,877,*,40.7,3458,65.47
10,013,NA,320,NA,NA,1,611, ,28.05,3180,70.28
10,013,NA,320,NA,NA,2,683, ,31.36,3180,70.28
10,013,NA,320,NA,NA,3,884,*,40.59,3180,70.28
10,013,NA,330,NA,NA,1,728, ,26.13,4464,64.2
10,013,NA,330,NA,NA,2,687, ,24.66,4464,64.2
10,013,NA,330,NA,NA,3,1371,*,49.21,4464,64.2
10,014,NA,NA,NA,NA,1,43042,*,35.04,189268,67.35
10,014,NA,NA,NA,NA,2,40674, ,33.11,189268,67.35
10,014,NA,NA,NA,NA,3,39138, ,31.86,189268,67.35
10,014,NA,010,NA,NA,1,22954,*,34.49,103063,67.11
10,014,NA,010,NA,NA,2,21871, ,32.86,103063,67.11
10,014,NA,010,NA,NA,3,21734, ,32.65,103063,67.11
10,014,NA,020,NA,NA,1,2215,*,33.09,10472,66.07
10,014,NA,020,NA,NA,2,2342, ,34.99,10472,66.07
10,014,NA,020,NA,NA,3,2137, ,31.92,10472,66.07
10,014,NA,030,NA,NA,1,1726,*,35.54,6861,73.23
10,014,NA,030,NA,NA,2,1304, ,26.85,6861,73.23
10,014,NA,030,NA,NA,3,1826, ,37.6,6861,73.23
10,014,NA,040,NA,NA,1,2858,*,35.69,12696,65.43
10,014,NA,040,NA,NA,2,2734, ,34.15,12696,65.43
10,014,NA,040,NA,NA,3,2415, ,30.16,12696,65.43
10,014,NA,050,NA,NA,1,1456,*,35.5,6425,66.21
10,014,NA,050,NA,NA,2,1246, ,30.38,6425,66.21
10,014,NA,050,NA,NA,3,1399, ,34.11,6425,66.21
10,014,NA,060,NA,NA,1,1660,*,36.22,6726,70.53
10,014,NA,060,NA,NA,2,1379, ,30.09,6726,70.53
10,014,NA,060,NA,NA,3,1544, ,33.69,6726,70.53
10,014,NA,070,NA,NA,1,1653,*,37.72,6428,71.05
10,014,NA,070,NA,NA,2,1382, ,31.54,6428,71.05
10,014,NA,070,NA,NA,3,1347, ,30.74,6428,71.05
10,014,NA,080,NA,NA,1,1246,*,34.61,5860,63.28
10,014,NA,080,NA,NA,2,1236, ,34.33,5860,63.28
10,014,NA,080,NA,NA,3,1118, ,31.06,5860,63.28
10,014,NA,090,NA,NA,1,1944,*,40.44,7588,65.99
10,014,NA,090,NA,NA,2,1600, ,33.28,7588,65.99
10,014,NA,090,NA,NA,3,1263, ,26.27,7588,65.99
10,014,NA,100,NA,NA,1,1053,*,33.8,4755,67.91
10,014,NA,100,NA,NA,2,1198, ,38.46,4755,67.91
10,014,NA,100,NA,NA,3,864, ,27.74,4755,67.91
10,014,NA,110,NA,NA,1,729,*,40.01,2877,65.9
10,014,NA,110,NA,NA,2,627, ,34.41,2877,65.9
10,014,NA,110,NA,NA,3,466, ,25.58,2877,65.9
10,014,NA,120,NA,NA,1,656,*,32.6,2854,72.78
10,014,NA,120,NA,NA,2,791, ,39.31,2854,72.78
10,014,NA,120,NA,NA,3,565, ,28.08,2854,72.78
10,014,NA,130,NA,NA,1,534,*,29.87,2522,72.4
10,014,NA,130,NA,NA,2,681, ,38.09,2522,72.4
10,014,NA,130,NA,NA,3,573, ,32.05,2522,72.4
10,014,NA,140,NA,NA,1,859,*,35.9,3653,68.44
10,014,NA,140,NA,NA,2,765, ,31.97,3653,68.44
10,014,NA,140,NA,NA,3,769, ,32.14,3653,68.44
10,014,NA,150,NA,NA,1,781,*,43.68,2904,63.71
10,014,NA,150,NA,NA,2,536, ,29.98,2904,63.71
10,014,NA,150,NA,NA,3,471, ,26.34,2904,63.71
10,014,NA,160,NA,NA,1,718,*,30.59,3584,67.19
10,014,NA,160,NA,NA,2,982, ,41.84,3584,67.19
10,014,NA,160,NA,NA,3,647, ,27.57,3584,67.19
10,015,NA,NA,NA,NA,1,70073,*,38.75,275927,67.85
10,015,NA,NA,NA,NA,2,48779, ,26.97,275927,67.85
10,015,NA,NA,NA,NA,3,61992, ,34.28,275927,67.85
10,015,NA,010,NA,NA,1,20848,*,37.47,85182,67.69
10,015,NA,010,NA,NA,2,15056, ,27.06,85182,67.69
10,015,NA,010,NA,NA,3,19735, ,35.47,85182,67.69
10,015,NA,020,NA,NA,1,2337,*,38.23,8773,72.35
10,015,NA,020,NA,NA,2,1554, ,25.42,8773,72.35
10,015,NA,020,NA,NA,3,2222, ,36.35,8773,72.35
10,015,NA,030,NA,NA,1,5341,*,41.22,20756,64.76
10,015,NA,030,NA,NA,2,3516, ,27.13,20756,64.76
10,015,NA,030,NA,NA,3,4101, ,31.65,20756,64.76
10,015,NA,040,NA,NA,1,4615,*,38.42,17976,68.83
10,015,NA,040,NA,NA,2,3095, ,25.77,17976,68.83
10,015,NA,040,NA,NA,3,4302, ,35.81,17976,68.83
10,015,NA,050,NA,NA,1,19252,*,38.55,75360,68.63
10,015,NA,050,NA,NA,2,13763, ,27.56,75360,68.63
10,015,NA,050,NA,NA,3,16928, ,33.89,75360,68.63
10,015,NA,060,NA,NA,1,3283,*,36.97,13811,66.53
10,015,NA,060,NA,NA,2,2511, ,28.28,13811,66.53
10,015,NA,060,NA,NA,3,3086, ,34.75,13811,66.53
10,015,NA,070,NA,NA,1,2431,*,38.3,10167,64.71
10,015,NA,070,NA,NA,2,1816, ,28.61,10167,64.71
10,015,NA,070,NA,NA,3,2101, ,33.1,10167,64.71
10,015,NA,080,NA,NA,1,1143,*,44.05,3987,66.67
10,015,NA,080,NA,NA,2,612, ,23.58,3987,66.67
10,015,NA,080,NA,NA,3,840, ,32.37,3987,66.67
10,015,NA,090,NA,NA,1,2507,*,39.27,9181,71.68
10,015,NA,090,NA,NA,2,1899, ,29.75,9181,71.68
10,015,NA,090,NA,NA,3,1978, ,30.98,9181,71.68
10,015,NA,100,NA,NA,1,1916,*,40.62,7624,64.49
10,015,NA,100,NA,NA,2,1095, ,23.21,7624,64.49
10,015,NA,100,NA,NA,3,1706, ,36.17,7624,64.49
10,015,NA,110,NA,NA,1,3981,*,41.95,14487,67.38
10,015,NA,110,NA,NA,2,2496, ,26.3,14487,67.38
10,015,NA,110,NA,NA,3,3012, ,31.74,14487,67.38
10,015,NA,120,NA,NA,1,1164,*,40.1,4212,72.06
10,015,NA,120,NA,NA,2,743, ,25.59,4212,72.06
10,015,NA,120,NA,NA,3,996, ,34.31,4212,72.06
10,015,NA,130,NA,NA,1,1255,*,43.84,4411,66.95
10,015,NA,130,NA,NA,2,623, ,21.76,4411,66.95
10,015,NA,130,NA,NA,3,985, ,34.4,4411,66.95
10,016,NA,NA,NA,NA,1,15210, ,29.69,79250,66.95
10,016,NA,NA,NA,NA,2,17929, ,35,79250,66.95
10,016,NA,NA,NA,NA,3,18093,*,35.32,79250,66.95
10,016,NA,010,NA,NA,1,9013, ,29.14,47867,67.04
10,016,NA,010,NA,NA,2,11005, ,35.58,47867,67.04
10,016,NA,010,NA,NA,3,10913,*,35.28,47867,67.04
10,016,NA,020,NA,NA,1,2148, ,31.58,10713,65.38
10,016,NA,020,NA,NA,2,2215, ,32.57,10713,65.38
10,016,NA,020,NA,NA,3,2438,*,35.85,10713,65.38
10,016,NA,030,NA,NA,1,1434, ,30.62,7904,60.93
10,016,NA,030,NA,NA,2,1689, ,36.07,7904,60.93
10,016,NA,030,NA,NA,3,1560,*,33.31,7904,60.93
10,016,NA,040,NA,NA,1,1318, ,31.38,5982,73.05
10,016,NA,040,NA,NA,2,1509, ,35.93,5982,73.05
10,016,NA,040,NA,NA,3,1373,*,32.69,5982,73.05
10,016,NA,050,NA,NA,1,784, ,28.62,4139,68.88
10,016,NA,050,NA,NA,2,891, ,32.53,4139,68.88
10,016,NA,050,NA,NA,3,1064,*,38.85,4139,68.88
10,016,NA,060,NA,NA,1,513, ,27.32,2645,72.85
10,016,NA,060,NA,NA,2,620, ,33.01,2645,72.85
10,016,NA,060,NA,NA,3,745,*,39.67,2645,72.85
10,017,NA,NA,NA,NA,1,40968, ,20.06,314399,67.21
10,017,NA,NA,NA,NA,2,33506, ,16.41,314399,67.21
10,017,NA,NA,NA,NA,3,42082, ,20.61,314399,67.21
10,017,NA,NA,NA,NA,4,47217,*,23.12,314399,67.21
10,017,NA,NA,NA,NA,5,40448, ,19.81,314399,67.21
10,017,NA,010,NA,NA,1,5899, ,19.51,47644,65.65
10,017,NA,010,NA,NA,2,4989, ,16.5,47644,65.65
10,017,NA,010,NA,NA,3,6129, ,20.27,47644,65.65
10,017,NA,010,NA,NA,4,7129,*,23.58,47644,65.65
10,017,NA,010,NA,NA,5,6090, ,20.14,47644,65.65
10,017,NA,020,NA,NA,1,6096, ,21.09,44597,67.15
10,017,NA,020,NA,NA,2,4872, ,16.85,44597,67.15
10,017,NA,020,NA,NA,3,5978, ,20.68,44597,67.15
10,017,NA,020,NA,NA,4,6762,*,23.39,44597,67.15
10,017,NA,020,NA,NA,5,5202, ,17.99,44597,67.15
10,017,NA,030,NA,NA,1,4252, ,20.76,30630,68.97
10,017,NA,030,NA,NA,2,3185, ,15.55,30630,68.97
10,017,NA,030,NA,NA,3,4156, ,20.29,30630,68.97
10,017,NA,030,NA,NA,4,4486,*,21.9,30630,68.97
10,017,NA,030,NA,NA,5,4406, ,21.51,30630,68.97
10,017,NA,040,NA,NA,1,5582, ,22.26,37556,69.21
10,017,NA,040,NA,NA,2,3821, ,15.24,37556,69.21
10,017,NA,040,NA,NA,3,5108, ,20.37,37556,69.21
10,017,NA,040,NA,NA,4,5655,*,22.55,37556,69.21
10,017,NA,040,NA,NA,5,4911, ,19.58,37556,69.21
10,017,NA,050,NA,NA,1,4948, ,18.76,40046,68.2
10,017,NA,050,NA,NA,2,4239, ,16.07,40046,68.2
10,017,NA,050,NA,NA,3,5530, ,20.97,40046,68.2
10,017,NA,050,NA,NA,4,6233,*,23.63,40046,68.2
10,017,NA,050,NA,NA,5,5423, ,20.56,40046,68.2
10,017,NA,060,NA,NA,1,8561, ,19.18,68314,67.54
10,017,NA,060,NA,NA,2,7675, ,17.2,68314,67.54
10,017,NA,060,NA,NA,3,8949, ,20.05,68314,67.54
10,017,NA,060,NA,NA,4,10379,*,23.26,68314,67.54
10,017,NA,060,NA,NA,5,9062, ,20.31,68314,67.54
10,017,NA,070,NA,NA,1,5630, ,19.74,45612,64.7
10,017,NA,070,NA,NA,2,4725, ,16.57,45612,64.7
10,017,NA,070,NA,NA,3,6232, ,21.86,45612,64.7
10,017,NA,070,NA,NA,4,6573,*,23.05,45612,64.7
10,017,NA,070,NA,NA,5,5354, ,18.78,45612,64.7
10,018,NA,NA,NA,NA,1,47414,*,19.56,369969,67.88
10,018,NA,NA,NA,NA,2,38698, ,15.97,369969,67.88
10,018,NA,NA,NA,NA,3,41620, ,17.17,369969,67.88
10,018,NA,NA,NA,NA,4,36244, ,14.95,369969,67.88
10,018,NA,NA,NA,NA,5,46940, ,19.37,369969,67.88
10,018,NA,NA,NA,NA,6,31440, ,12.97,369969,67.88
10,018,NA,010,NA,NA,1,22293,*,19.46,174386,68.07
10,018,NA,010,NA,NA,2,18525, ,16.17,174386,68.07
10,018,NA,010,NA,NA,3,19902, ,17.37,174386,68.07
10,018,NA,010,NA,NA,4,16408, ,14.32,174386,68.07
10,018,NA,010,NA,NA,5,22121, ,19.31,174386,68.07
10,018,NA,010,NA,NA,6,15319, ,13.37,174386,68.07
10,018,NA,020,NA,NA,1,16441,*,19.46,129000,67.79
10,018,NA,020,NA,NA,2,13511, ,15.99,129000,67.79
10,018,NA,020,NA,NA,3,14471, ,17.13,129000,67.79
10,018,NA,020,NA,NA,4,13111, ,15.52,129000,67.79
10,018,NA,020,NA,NA,5,16415, ,19.43,129000,67.79
10,018,NA,020,NA,NA,6,10540, ,12.47,129000,67.79
10,018,NA,030,NA,NA,1,8680,*,20.05,66583,67.58
10,018,NA,030,NA,NA,2,6662, ,15.39,66583,67.58
10,018,NA,030,NA,NA,3,7247, ,16.74,66583,67.58
10,018,NA,030,NA,NA,4,6725, ,15.53,66583,67.58
10,018,NA,030,NA,NA,5,8404, ,19.41,66583,67.58
10,018,NA,030,NA,NA,6,5581, ,12.89,66583,67.58
63,000,NA,NA,NA,NA,1,114032, ,7.86,2225121,67.52
63,000,NA,NA,NA,NA,2,100096, ,6.9,2225121,67.52
63,000,NA,NA,NA,NA,3,144005, ,9.92,2225121,67.52
63,000,NA,NA,NA,NA,4,106081, ,7.31,2225121,67.52
63,000,NA,NA,NA,NA,5,154170, ,10.62,2225121,67.52
63,000,NA,NA,NA,NA,6,116349, ,8.02,2225121,67.52
63,000,NA,NA,NA,NA,7,115402, ,7.95,2225121,67.52
63,000,NA,NA,NA,NA,8,135797, ,9.36,2225121,67.52
63,000,NA,NA,NA,NA,9,105295, ,7.25,2225121,67.52
63,000,NA,NA,NA,NA,10,103281, ,7.12,2225121,67.52
63,000,NA,NA,NA,NA,11,160776,*,11.08,2225121,67.52
63,000,NA,NA,NA,NA,12,96265, ,6.63,2225121,67.52
63,000,NA,010,NA,NA,1,8919, ,8,171800,67.37
63,000,NA,010,NA,NA,2,7442, ,6.68,171800,67.37
63,000,NA,010,NA,NA,3,10914, ,9.79,171800,67.37
63,000,NA,010,NA,NA,4,8112, ,7.28,171800,67.37
63,000,NA,010,NA,NA,5,11848, ,10.63,171800,67.37
63,000,NA,010,NA,NA,6,9225, ,8.28,171800,67.37
63,000,NA,010,NA,NA,7,8494, ,7.62,171800,67.37
63,000,NA,010,NA,NA,8,10643, ,9.55,171800,67.37
63,000,NA,010,NA,NA,9,8024, ,7.2,171800,67.37
63,000,NA,010,NA,NA,10,7997, ,7.18,171800,67.37
63,000,NA,010,NA,NA,11,12366,*,11.1,171800,67.37
63,000,NA,010,NA,NA,12,7451, ,6.69,171800,67.37
63,000,NA,020,NA,NA,1,9939, ,7.64,201422,66.82
63,000,NA,020,NA,NA,2,8962, ,6.89,201422,66.82
63,000,NA,020,NA,NA,3,12919, ,9.94,201422,66.82
63,000,NA,020,NA,NA,4,9648, ,7.42,201422,66.82
63,000,NA,020,NA,NA,5,13954, ,10.73,201422,66.82
63,000,NA,020,NA,NA,6,10472, ,8.05,201422,66.82
63,000,NA,020,NA,NA,7,10395, ,8,201422,66.82
63,000,NA,020,NA,NA,8,12216, ,9.4,201422,66.82
63,000,NA,020,NA,NA,9,9228, ,7.1,201422,66.82
63,000,NA,020,NA,NA,10,8966, ,6.9,201422,66.82
63,000,NA,020,NA,NA,11,14541,*,11.18,201422,66.82
63,000,NA,020,NA,NA,12,8768, ,6.74,201422,66.82
63,000,NA,030,NA,NA,1,11815, ,7.81,236264,66.35
63,000,NA,030,NA,NA,2,10467, ,6.92,236264,66.35
63,000,NA,030,NA,NA,3,15202, ,10.05,236264,66.35
63,000,NA,030,NA,NA,4,10681, ,7.06,236264,66.35
63,000,NA,030,NA,NA,5,16033, ,10.6,236264,66.35
63,000,NA,030,NA,NA,6,11869, ,7.85,236264,66.35
63,000,NA,030,NA,NA,7,12315, ,8.14,236264,66.35
63,000,NA,030,NA,NA,8,13973, ,9.24,236264,66.35
63,000,NA,030,NA,NA,9,10788, ,7.13,236264,66.35
63,000,NA,030,NA,NA,10,10625, ,7.02,236264,66.35
63,000,NA,030,NA,NA,11,16738,*,11.06,236264,66.35
63,000,NA,030,NA,NA,12,10784, ,7.13,236264,66.35
63,000,NA,040,NA,NA,1,10040, ,7.9,197286,66.72
63,000,NA,040,NA,NA,2,8895, ,6.99,197286,66.72
63,000,NA,040,NA,NA,3,12527, ,9.85,197286,66.72
63,000,NA,040,NA,NA,4,9451, ,7.43,197286,66.72
63,000,NA,040,NA,NA,5,13498, ,10.61,197286,66.72
63,000,NA,040,NA,NA,6,9888, ,7.78,197286,66.72
63,000,NA,040,NA,NA,7,9772, ,7.68,197286,66.72
63,000,NA,040,NA,NA,8,12318, ,9.69,197286,66.72
63,000,NA,040,NA,NA,9,9473, ,7.45,197286,66.72
63,000,NA,040,NA,NA,10,9255, ,7.28,197286,66.72
63,000,NA,040,NA,NA,11,13931,*,10.95,197286,66.72
63,000,NA,040,NA,NA,12,8119, ,6.38,197286,66.72
63,000,NA,050,NA,NA,1,7697, ,8.32,141080,67.83
63,000,NA,050,NA,NA,2,6543, ,7.07,141080,67.83
63,000,NA,050,NA,NA,3,9092, ,9.83,141080,67.83
63,000,NA,050,NA,NA,4,6939, ,7.5,141080,67.83
63,000,NA,050,NA,NA,5,9762, ,10.55,141080,67.83
63,000,NA,050,NA,NA,6,7347, ,7.94,141080,67.83
63,000,NA,050,NA,NA,7,7573, ,8.18,141080,67.83
63,000,NA,050,NA,NA,8,8207, ,8.87,141080,67.83
63,000,NA,050,NA,NA,9,6405, ,6.92,141080,67.83
63,000,NA,050,NA,NA,10,6702, ,7.24,141080,67.83
63,000,NA,050,NA,NA,11,10263,*,11.09,141080,67.83
63,000,NA,050,NA,NA,12,5996, ,6.48,141080,67.83
63,000,NA,060,NA,NA,1,5180, ,7.61,101547,69.55
63,000,NA,060,NA,NA,2,4871, ,7.16,101547,69.55
63,000,NA,060,NA,NA,3,6786, ,9.98,101547,69.55
63,000,NA,060,NA,NA,4,5125, ,7.53,101547,69.55
63,000,NA,060,NA,NA,5,7297, ,10.73,101547,69.55
63,000,NA,060,NA,NA,6,5626, ,8.27,101547,69.55
63,000,NA,060,NA,NA,7,5432, ,7.99,101547,69.55
63,000,NA,060,NA,NA,8,6388, ,9.39,101547,69.55
63,000,NA,060,NA,NA,9,4909, ,7.22,101547,69.55
63,000,NA,060,NA,NA,10,4700, ,6.91,101547,69.55
63,000,NA,060,NA,NA,11,7230,*,10.63,101547,69.55
63,000,NA,060,NA,NA,12,4480, ,6.59,101547,69.55
63,000,NA,070,NA,NA,1,8978, ,7.68,172021,70.03
63,000,NA,070,NA,NA,2,7553, ,6.46,172021,70.03
63,000,NA,070,NA,NA,3,11397, ,9.75,172021,70.03
63,000,NA,070,NA,NA,4,8731, ,7.47,172021,70.03
63,000,NA,070,NA,NA,5,12617, ,10.8,172021,70.03
63,000,NA,070,NA,NA,6,9269, ,7.93,172021,70.03
63,000,NA,070,NA,NA,7,9385, ,8.03,172021,70.03
63,000,NA,070,NA,NA,8,10597, ,9.07,172021,70.03
63,000,NA,070,NA,NA,9,8999, ,7.7,172021,70.03
63,000,NA,070,NA,NA,10,8358, ,7.15,172021,70.03
63,000,NA,070,NA,NA,11,13130,*,11.24,172021,70.03
63,000,NA,070,NA,NA,12,7829, ,6.7,172021,70.03
63,000,NA,080,NA,NA,1,10986, ,7.9,214442,67.11
63,000,NA,080,NA,NA,2,9435, ,6.78,214442,67.11
63,000,NA,080,NA,NA,3,13851, ,9.95,214442,67.11
63,000,NA,080,NA,NA,4,10039, ,7.22,214442,67.11
63,000,NA,080,NA,NA,5,14927, ,10.73,214442,67.11
63,000,NA,080,NA,NA,6,11148, ,8.01,214442,67.11
63,000,NA,080,NA,NA,7,10995, ,7.9,214442,67.11
63,000,NA,080,NA,NA,8,13106, ,9.42,214442,67.11
63,000,NA,080,NA,NA,9,9905, ,7.12,214442,67.11
63,000,NA,080,NA,NA,10,10186, ,7.32,214442,67.11
63,000,NA,080,NA,NA,11,15217,*,10.94,214442,67.11
63,000,NA,080,NA,NA,12,9344, ,6.72,214442,67.11
63,000,NA,090,NA,NA,1,5118, ,7.77,99060,68.66
63,000,NA,090,NA,NA,2,4573, ,6.94,99060,68.66
63,000,NA,090,NA,NA,3,6531, ,9.92,99060,68.66
63,000,NA,090,NA,NA,4,4893, ,7.43,99060,68.66
63,000,NA,090,NA,NA,5,6990, ,10.61,99060,68.66
63,000,NA,090,NA,NA,6,5267, ,8,99060,68.66
63,000,NA,090,NA,NA,7,5340, ,8.11,99060,68.66
63,000,NA,090,NA,NA,8,6106, ,9.27,99060,68.66
63,000,NA,090,NA,NA,9,4796, ,7.28,99060,68.66
63,000,NA,090,NA,NA,10,4711, ,7.15,99060,68.66
63,000,NA,090,NA,NA,11,7501,*,11.39,99060,68.66
63,000,NA,090,NA,NA,12,4042, ,6.14,99060,68.66
63,000,NA,100,NA,NA,1,11283, ,7.46,233035,67.06
63,000,NA,100,NA,NA,2,10402, ,6.88,233035,67.06
63,000,NA,100,NA,NA,3,14987, ,9.91,233035,67.06
63,000,NA,100,NA,NA,4,10988, ,7.27,233035,67.06
63,000,NA,100,NA,NA,5,15821, ,10.46,233035,67.06
63,000,NA,100,NA,NA,6,12227, ,8.09,233035,67.06
63,000,NA,100,NA,NA,7,12002, ,7.94,233035,67.06
63,000,NA,100,NA,NA,8,14343, ,9.49,233035,67.06
63,000,NA,100,NA,NA,9,11040, ,7.3,233035,67.06
63,000,NA,100,NA,NA,10,10878, ,7.19,233035,67.06
63,000,NA,100,NA,NA,11,17326,*,11.46,233035,67.06
63,000,NA,100,NA,NA,12,9917, ,6.56,233035,67.06
63,000,NA,110,NA,NA,1,12300, ,8.11,235037,66.85
63,000,NA,110,NA,NA,2,10165, ,6.7,235037,66.85
63,000,NA,110,NA,NA,3,15313, ,10.1,235037,66.85
63,000,NA,110,NA,NA,4,10787, ,7.11,235037,66.85
63,000,NA,110,NA,NA,5,16366, ,10.79,235037,66.85
63,000,NA,110,NA,NA,6,12387, ,8.17,235037,66.85
63,000,NA,110,NA,NA,7,12076, ,7.96,235037,66.85
63,000,NA,110,NA,NA,8,14741, ,9.72,235037,66.85
63,000,NA,110,NA,NA,9,10904, ,7.19,235037,66.85
63,000,NA,110,NA,NA,10,10204, ,6.73,235037,66.85
63,000,NA,110,NA,NA,11,16597,*,10.94,235037,66.85
63,000,NA,110,NA,NA,12,9829, ,6.48,235037,66.85
63,000,NA,120,NA,NA,1,11777, ,8.05,222127,68.2
63,000,NA,120,NA,NA,2,10788, ,7.37,222127,68.2
63,000,NA,120,NA,NA,3,14486, ,9.9,222127,68.2
63,000,NA,120,NA,NA,4,10687, ,7.3,222127,68.2
63,000,NA,120,NA,NA,5,15057, ,10.29,222127,68.2
63,000,NA,120,NA,NA,6,11624, ,7.94,222127,68.2
63,000,NA,120,NA,NA,7,11623, ,7.94,222127,68.2
63,000,NA,120,NA,NA,8,13159, ,8.99,222127,68.2
63,000,NA,120,NA,NA,9,10824, ,7.4,222127,68.2
63,000,NA,120,NA,NA,10,10699, ,7.31,222127,68.2
63,000,NA,120,NA,NA,11,15936,*,10.89,222127,68.2
63,000,NA,120,NA,NA,12,9706, ,6.63,222127,68.2
64,000,NA,NA,NA,NA,1,418678, ,27.31,2333707,67.96
64,000,NA,NA,NA,NA,2,368138, ,24.01,2333707,67.96
64,000,NA,NA,NA,NA,3,310572, ,20.26,2333707,67.96
64,000,NA,NA,NA,NA,4,435787,*,28.42,2333707,67.96
64,000,NA,010,NA,NA,1,3551, ,26.12,20540,68.67
64,000,NA,010,NA,NA,2,3341, ,24.58,20540,68.67
64,000,NA,010,NA,NA,3,2828, ,20.8,20540,68.67
64,000,NA,010,NA,NA,4,3874,*,28.5,20540,68.67
64,000,NA,020,NA,NA,1,18736, ,26.66,107972,67.17
64,000,NA,020,NA,NA,2,16505, ,23.48,107972,67.17
64,000,NA,020,NA,NA,3,14420, ,20.52,107972,67.17
64,000,NA,020,NA,NA,4,20625,*,29.34,107972,67.17
64,000,NA,030,NA,NA,1,30058, ,27.73,162105,69.39
64,000,NA,030,NA,NA,2,26386, ,24.35,162105,69.39
64,000,NA,030,NA,NA,3,21502, ,19.84,162105,69.39
64,000,NA,030,NA,NA,4,30434,*,28.08,162105,69.39
64,000,NA,040,NA,NA,1,30642, ,26.29,177058,68.1
64,000,NA,040,NA,NA,2,27890, ,23.93,177058,68.1
64,000,NA,040,NA,NA,3,25270, ,21.68,177058,68.1
64,000,NA,040,NA,NA,4,32741,*,28.09,177058,68.1
64,000,NA,050,NA,NA,1,54931, ,28.03,294729,68.87
64,000,NA,050,NA,NA,2,47006, ,23.98,294729,68.87
64,000,NA,050,NA,NA,3,39162, ,19.98,294729,68.87
64,000,NA,050,NA,NA,4,54892,*,28.01,294729,68.87
64,000,NA,060,NA,NA,1,7871, ,28.47,42189,67.91
64,000,NA,060,NA,NA,2,6950, ,25.13,42189,67.91
64,000,NA,060,NA,NA,3,5350, ,19.35,42189,67.91
64,000,NA,060,NA,NA,4,7480,*,27.05,42189,67.91
64,000,NA,070,NA,NA,1,4194, ,25.73,24592,68.98
64,000,NA,070,NA,NA,2,4310, ,26.44,24592,68.98
64,000,NA,070,NA,NA,3,3393, ,20.81,24592,68.98
64,000,NA,070,NA,NA,4,4405,*,27.02,24592,68.98
64,000,NA,080,NA,NA,1,29068, ,26.81,164040,68.19
64,000,NA,080,NA,NA,2,26838, ,24.76,164040,68.19
64,000,NA,080,NA,NA,3,22062, ,20.35,164040,68.19
64,000,NA,080,NA,NA,4,30444,*,28.08,164040,68.19
64,000,NA,090,NA,NA,1,29642, ,27.54,163369,67.97
64,000,NA,090,NA,NA,2,25242, ,23.45,163369,67.97
64,000,NA,090,NA,NA,3,21536, ,20.01,163369,67.97
64,000,NA,090,NA,NA,4,31206,*,28.99,163369,67.97
64,000,NA,100,NA,NA,1,4326, ,27.05,24594,67.32
64,000,NA,100,NA,NA,2,4254, ,26.6,24594,67.32
64,000,NA,100,NA,NA,3,2752, ,17.21,24594,67.32
64,000,NA,100,NA,NA,4,4661,*,29.14,24594,67.32
64,000,NA,110,NA,NA,1,21754, ,26.51,127434,66.7
64,000,NA,110,NA,NA,2,19757, ,24.08,127434,66.7
64,000,NA,110,NA,NA,3,16819, ,20.5,127434,66.7
64,000,NA,110,NA,NA,4,23726,*,28.91,127434,66.7
64,000,NA,120,NA,NA,1,48316, ,27.54,269991,67.34
64,000,NA,120,NA,NA,2,42222, ,24.07,269991,67.34
64,000,NA,120,NA,NA,3,35041, ,19.97,269991,67.34
64,000,NA,120,NA,NA,4,49846,*,28.41,269991,67.34
64,000,NA,130,NA,NA,1,10162, ,28.45,53679,68.88
64,000,NA,130,NA,NA,2,8154, ,22.82,53679,68.88
64,000,NA,130,NA,NA,3,7391, ,20.69,53679,68.88
64,000,NA,130,NA,NA,4,10017,*,28.04,53679,68.88
64,000,NA,140,NA,NA,1,16221, ,26.38,94183,67.56
64,000,NA,140,NA,NA,2,14968, ,24.34,94183,67.56
64,000,NA,140,NA,NA,3,12098, ,19.67,94183,67.56
64,000,NA,140,NA,NA,4,18204,*,29.6,94183,67.56
64,000,NA,150,NA,NA,1,5982, ,26.54,35498,65.82
64,000,NA,150,NA,NA,2,5617, ,24.92,35498,65.82
64,000,NA,150,NA,NA,3,4532, ,20.1,35498,65.82
64,000,NA,150,NA,NA,4,6412,*,28.44,35498,65.82
64,000,NA,160,NA,NA,1,5985, ,27.59,34542,64.69
64,000,NA,160,NA,NA,2,5492, ,25.32,34542,64.69
64,000,NA,160,NA,NA,3,4417, ,20.36,34542,64.69
64,000,NA,160,NA,NA,4,5799,*,26.73,34542,64.69
64,000,NA,170,NA,NA,1,14030, ,28,78761,65.49
64,000,NA,170,NA,NA,2,11121, ,22.2,78761,65.49
64,000,NA,170,NA,NA,3,10765, ,21.49,78761,65.49
64,000,NA,170,NA,NA,4,14184,*,28.31,78761,65.49
64,000,NA,180,NA,NA,1,7170, ,27.27,40409,67.3
64,000,NA,180,NA,NA,2,6154, ,23.41,40409,67.3
64,000,NA,180,NA,NA,3,5176, ,19.69,40409,67.3
64,000,NA,180,NA,NA,4,7790,*,29.63,40409,67.3
64,000,NA,190,NA,NA,1,14031, ,27.84,73657,70.69
64,000,NA,190,NA,NA,2,12015, ,23.84,73657,70.69
64,000,NA,190,NA,NA,3,10201, ,20.24,73657,70.69
64,000,NA,190,NA,NA,4,14151,*,28.08,73657,70.69
64,000,NA,200,NA,NA,1,5845, ,28.83,30293,69.29
64,000,NA,200,NA,NA,2,4877, ,24.05,30293,69.29
64,000,NA,200,NA,NA,3,3884, ,19.16,30293,69.29
64,000,NA,200,NA,NA,4,5670,*,27.96,30293,69.29
64,000,NA,210,NA,NA,1,4182, ,26.51,23781,68.87
64,000,NA,210,NA,NA,2,4002, ,25.37,23781,68.87
64,000,NA,210,NA,NA,3,3175, ,20.12,23781,68.87
64,000,NA,210,NA,NA,4,4418,*,28,23781,68.87
64,000,NA,220,NA,NA,1,979, ,27.03,5449,68.01
64,000,NA,220,NA,NA,2,893, ,24.65,5449,68.01
64,000,NA,220,NA,NA,3,761, ,21.01,5449,68.01
64,000,NA,220,NA,NA,4,989,*,27.31,5449,68.01
64,000,NA,230,NA,NA,1,4880, ,29.21,26569,64.85
64,000,NA,230,NA,NA,2,3421, ,20.48,26569,64.85
64,000,NA,230,NA,NA,3,3285, ,19.66,26569,64.85
64,000,NA,230,NA,NA,4,5121,*,30.65,26569,64.85
64,000,NA,240,NA,NA,1,7681, ,28.96,40554,67.95
64,000,NA,240,NA,NA,2,5986, ,22.57,40554,67.95
64,000,NA,240,NA,NA,3,5677, ,21.41,40554,67.95
64,000,NA,240,NA,NA,4,7175,*,27.06,40554,67.95
64,000,NA,250,NA,NA,1,4687, ,27.08,25558,69.81
64,000,NA,250,NA,NA,2,4159, ,24.03,25558,69.81
64,000,NA,250,NA,NA,3,3575, ,20.66,25558,69.81
64,000,NA,250,NA,NA,4,4887,*,28.24,25558,69.81
64,000,NA,260,NA,NA,1,4474, ,26.77,25720,67.1
64,000,NA,260,NA,NA,2,4203, ,25.15,25720,67.1
64,000,NA,260,NA,NA,3,3208, ,19.2,25720,67.1
64,000,NA,260,NA,NA,4,4825,*,28.87,25720,67.1
64,000,NA,270,NA,NA,1,2086, ,28.21,11142,68.41
64,000,NA,270,NA,NA,2,1859, ,25.14,11142,68.41
64,000,NA,270,NA,NA,3,1448, ,19.58,11142,68.41
64,000,NA,270,NA,NA,4,2002,*,27.07,11142,68.41
64,000,NA,280,NA,NA,1,2667, ,28.59,14525,66.09
64,000,NA,280,NA,NA,2,2159, ,23.14,14525,66.09
64,000,NA,280,NA,NA,3,1784, ,19.12,14525,66.09
64,000,NA,280,NA,NA,4,2719,*,29.15,14525,66.09
64,000,NA,290,NA,NA,1,5221, ,27.2,29293,67.96
64,000,NA,290,NA,NA,2,4564, ,23.78,29293,67.96
64,000,NA,290,NA,NA,3,3615, ,18.84,29293,67.96
64,000,NA,290,NA,NA,4,5792,*,30.18,29293,67.96
64,000,NA,300,NA,NA,1,5127, ,26.97,29083,67.2
64,000,NA,300,NA,NA,2,4378, ,23.03,29083,67.2
64,000,NA,300,NA,NA,3,4072, ,21.42,29083,67.2
64,000,NA,300,NA,NA,4,5436,*,28.59,29083,67.2
64,000,NA,310,NA,NA,1,5560, ,24.39,34524,67.85
64,000,NA,310,NA,NA,2,5561, ,24.4,34524,67.85
64,000,NA,310,NA,NA,3,5051, ,22.16,34524,67.85
64,000,NA,310,NA,NA,4,6620,*,29.05,34524,67.85
64,000,NA,320,NA,NA,1,1830, ,24.86,10693,71.09
64,000,NA,320,NA,NA,2,1871, ,25.41,10693,71.09
64,000,NA,320,NA,NA,3,1401, ,19.03,10693,71.09
64,000,NA,320,NA,NA,4,2260,*,30.7,10693,71.09
64,000,NA,330,NA,NA,1,1080, ,26.57,5667,74.77
64,000,NA,330,NA,NA,2,951, ,23.4,5667,74.77
64,000,NA,330,NA,NA,3,758, ,18.65,5667,74.77
64,000,NA,330,NA,NA,4,1275,*,31.37,5667,74.77
64,000,NA,340,NA,NA,1,2042, ,28.46,11190,66.29
64,000,NA,340,NA,NA,2,1903, ,26.53,11190,66.29
64,000,NA,340,NA,NA,3,1236, ,17.23,11190,66.29
64,000,NA,340,NA,NA,4,1993,*,27.78,11190,66.29
64,000,NA,350,NA,NA,1,2107, ,24.9,13105,66.65
64,000,NA,350,NA,NA,2,1994, ,23.57,13105,66.65
64,000,NA,350,NA,NA,3,1955, ,23.11,13105,66.65
64,000,NA,350,NA,NA,4,2405,*,28.42,13105,66.65
64,000,NA,360,NA,NA,1,300, ,27.7,1565,70.67
64,000,NA,360,NA,NA,2,277, ,25.58,1565,70.67
64,000,NA,360,NA,NA,3,205, ,18.93,1565,70.67
64,000,NA,360,NA,NA,4,301,*,27.79,1565,70.67
64,000,NA,370,NA,NA,1,697, ,30.92,3396,68.7
64,000,NA,370,NA,NA,2,528, ,23.43,3396,68.7
64,000,NA,370,NA,NA,3,465, ,20.63,3396,68.7
64,000,NA,370,NA,NA,4,564,*,25.02,3396,68.7
64,000,NA,380,NA,NA,1,563, ,34.35,2258,75.33
64,000,NA,380,NA,NA,2,330, ,20.13,2258,75.33
64,000,NA,380,NA,NA,3,302, ,18.43,2258,75.33
64,000,NA,380,NA,NA,4,444,*,27.09,2258,75.33
65,000,NA,NA,NA,NA,1,1031451, ,48.03,3276450,67.83
65,000,NA,NA,NA,NA,2,1115987,*,51.97,3276450,67.83
65,000,NA,010,NA,NA,1,140055, ,48.77,435544,68.24
65,000,NA,010,NA,NA,2,147145,*,51.23,435544,68.24
65,000,NA,020,NA,NA,1,92911, ,47.36,295787,68.63
65,000,NA,020,NA,NA,2,103285,*,52.64,295787,68.63
65,000,NA,030,NA,NA,1,107232, ,48.73,334545,68.17
65,000,NA,030,NA,NA,2,112837,*,51.27,334545,68.17
65,000,NA,040,NA,NA,1,55450, ,49.11,175192,66.77
65,000,NA,040,NA,NA,2,57466,*,50.89,175192,66.77
65,000,NA,050,NA,NA,1,107293, ,48.46,339801,67.38
65,000,NA,050,NA,NA,2,114094,*,51.54,339801,67.38
65,000,NA,060,NA,NA,1,89531, ,47.1,290735,67.64
65,000,NA,060,NA,NA,2,100558,*,52.9,290735,67.64
65,000,NA,070,NA,NA,1,42261, ,48.42,134976,66.81
65,000,NA,070,NA,NA,2,45027,*,51.58,134976,66.81
65,000,NA,080,NA,NA,1,21010, ,45.74,70190,67.79
65,000,NA,080,NA,NA,2,24928,*,54.26,70190,67.79
65,000,NA,090,NA,NA,1,26394, ,47.07,85821,67.89
65,000,NA,090,NA,NA,2,29676,*,52.93,85821,67.89
65,000,NA,100,NA,NA,1,47145, ,46.25,157955,66.74
65,000,NA,100,NA,NA,2,54798,*,53.75,157955,66.74
65,000,NA,110,NA,NA,1,55830, ,49.18,173548,67.61
65,000,NA,110,NA,NA,2,57683,*,50.82,173548,67.61
65,000,NA,120,NA,NA,1,9258, ,44.71,31413,67.92
65,000,NA,120,NA,NA,2,11447,*,55.29,31413,67.92
65,000,NA,130,NA,NA,1,55763, ,47,183892,66.83
65,000,NA,130,NA,NA,2,62889,*,53,183892,66.83
65,000,NA,140,NA,NA,1,50052, ,47.48,160717,67.86
65,000,NA,140,NA,NA,2,55371,*,52.52,160717,67.86
65,000,NA,150,NA,NA,1,25554, ,50.33,75883,69.68
65,000,NA,150,NA,NA,2,25214,*,49.67,75883,69.68
65,000,NA,160,NA,NA,1,19386, ,46.91,63657,67.2
65,000,NA,160,NA,NA,2,21937,*,53.09,63657,67.2
65,000,NA,170,NA,NA,1,32330, ,49.65,95890,70.23
65,000,NA,170,NA,NA,2,32788,*,50.35,95890,70.23
65,000,NA,180,NA,NA,1,6677, ,49.07,19964,70.54
65,000,NA,180,NA,NA,2,6931,*,50.93,19964,70.54
65,000,NA,190,NA,NA,1,1803, ,47.75,6040,64.22
65,000,NA,190,NA,NA,2,1973,*,52.25,6040,64.22
65,000,NA,200,NA,NA,1,2068, ,57.38,5464,67.22
65,000,NA,200,NA,NA,2,1536,*,42.62,5464,67.22
65,000,NA,210,NA,NA,1,6369, ,45.76,20885,68.78
65,000,NA,210,NA,NA,2,7548,*,54.24,20885,68.78
65,000,NA,220,NA,NA,1,2740, ,41.39,9522,72.04
65,000,NA,220,NA,NA,2,3880,*,58.61,9522,72.04
65,000,NA,230,NA,NA,1,13338, ,47.25,43053,67.81
65,000,NA,230,NA,NA,2,14890,*,52.75,43053,67.81
65,000,NA,240,NA,NA,1,1011, ,44.25,3695,63.68
65,000,NA,240,NA,NA,2,1274,*,55.75,3695,63.68
65,000,NA,250,NA,NA,1,2041, ,43.71,6953,69.06
65,000,NA,250,NA,NA,2,2628,*,56.29,6953,69.06
65,000,NA,260,NA,NA,1,3372, ,48.91,10453,68.71
65,000,NA,260,NA,NA,2,3523,*,51.09,10453,68.71
65,000,NA,270,NA,NA,1,6941, ,53.07,20077,67.43
65,000,NA,270,NA,NA,2,6137,*,46.93,20077,67.43
65,000,NA,280,NA,NA,1,6004, ,48.56,19310,66.07
65,000,NA,280,NA,NA,2,6359,*,51.44,19310,66.07
65,000,NA,290,NA,NA,1,1632, ,42.98,5488,70.83
65,000,NA,290,NA,NA,2,2165,*,57.02,5488,70.83
66,000,NA,NA,NA,NA,1,637590,*,40.33,2416350,67.7
66,000,NA,NA,NA,NA,2,487174, ,30.81,2416350,67.7
66,000,NA,NA,NA,NA,3,456297, ,28.86,2416350,67.7
66,000,NA,010,NA,NA,1,3804,*,38.35,14295,72.27
66,000,NA,010,NA,NA,2,3370, ,33.98,14295,72.27
66,000,NA,010,NA,NA,3,2745, ,27.67,14295,72.27
66,000,NA,020,NA,NA,1,17313,*,38.48,68515,68.23
66,000,NA,020,NA,NA,2,14232, ,31.63,68515,68.23
66,000,NA,020,NA,NA,3,13452, ,29.9,68515,68.23
66,000,NA,030,NA,NA,1,25185,*,39.27,96638,68.59
66,000,NA,030,NA,NA,2,20018, ,31.22,96638,68.59
66,000,NA,030,NA,NA,3,18925, ,29.51,96638,68.59
66,000,NA,040,NA,NA,1,26363,*,41.59,98725,66.44
66,000,NA,040,NA,NA,2,19588, ,30.9,98725,66.44
66,000,NA,040,NA,NA,3,17439, ,27.51,98725,66.44
66,000,NA,050,NA,NA,1,33477,*,40.4,126243,68.04
66,000,NA,050,NA,NA,2,25409, ,30.66,126243,68.04
66,000,NA,050,NA,NA,3,23980, ,28.94,126243,68.04
66,000,NA,060,NA,NA,1,51304,*,39.93,198980,66.91
66,000,NA,060,NA,NA,2,39053, ,30.39,198980,66.91
66,000,NA,060,NA,NA,3,38128, ,29.68,198980,66.91
66,000,NA,070,NA,NA,1,33716,*,40.42,125471,68.63
66,000,NA,070,NA,NA,2,25970, ,31.13,125471,68.63
66,000,NA,070,NA,NA,3,23733, ,28.45,125471,68.63
66,000,NA,080,NA,NA,1,78277,*,41.62,284205,68.35
66,000,NA,080,NA,NA,2,58745, ,31.23,284205,68.35
66,000,NA,080,NA,NA,3,51060, ,27.15,284205,68.35
66,000,NA,090,NA,NA,1,39788,*,40.89,147927,67.97
66,000,NA,090,NA,NA,2,30427, ,31.27,147927,67.97
66,000,NA,090,NA,NA,3,27085, ,27.84,147927,67.97
66,000,NA,100,NA,NA,1,9578,*,38.68,37552,67.99
66,000,NA,100,NA,NA,2,7452, ,30.1,37552,67.99
66,000,NA,100,NA,NA,3,7729, ,31.22,37552,67.99
66,000,NA,110,NA,NA,1,15920,*,40.38,60884,67.06
66,000,NA,110,NA,NA,2,12385, ,31.41,60884,67.06
66,000,NA,110,NA,NA,3,11120, ,28.21,60884,67.06
66,000,NA,120,NA,NA,1,16503,*,39.45,63547,68.47
66,000,NA,120,NA,NA,2,12787, ,30.57,63547,68.47
66,000,NA,120,NA,NA,3,12543, ,29.98,63547,68.47
66,000,NA,130,NA,NA,1,23105,*,40.56,88126,66.84
66,000,NA,130,NA,NA,2,17337, ,30.44,88126,66.84
66,000,NA,130,NA,NA,3,16521, ,29,88126,66.84
66,000,NA,140,NA,NA,1,12107,*,39.26,47102,67.71
66,000,NA,140,NA,NA,2,9771, ,31.68,47102,67.71
66,000,NA,140,NA,NA,3,8961, ,29.06,47102,67.71
66,000,NA,150,NA,NA,1,12868,*,42.86,45120,68.75
66,000,NA,150,NA,NA,2,8792, ,29.28,45120,68.75
66,000,NA,150,NA,NA,3,8365, ,27.86,45120,68.75
66,000,NA,160,NA,NA,1,12694,*,38.99,50349,66.92
66,000,NA,160,NA,NA,2,10529, ,32.34,50349,66.92
66,000,NA,160,NA,NA,3,9331, ,28.66,50349,66.92
66,000,NA,170,NA,NA,1,28673,*,40.91,106505,68.11
66,000,NA,170,NA,NA,2,20306, ,28.97,106505,68.11
66,000,NA,170,NA,NA,3,21114, ,30.12,106505,68.11
66,000,NA,180,NA,NA,1,20561,*,38.58,81136,67.8
66,000,NA,180,NA,NA,2,16633, ,31.21,81136,67.8
66,000,NA,180,NA,NA,3,16107, ,30.22,81136,67.8
66,000,NA,190,NA,NA,1,5329,*,42.06,19072,68.57
66,000,NA,190,NA,NA,2,3786, ,29.88,19072,68.57
66,000,NA,190,NA,NA,3,3554, ,28.05,19072,68.57
66,000,NA,200,NA,NA,1,3685,*,41.11,13339,70.44
66,000,NA,200,NA,NA,2,2667, ,29.76,13339,70.44
66,000,NA,200,NA,NA,3,2611, ,29.13,13339,70.44
66,000,NA,210,NA,NA,1,8351,*,41.18,29636,70.66
66,000,NA,210,NA,NA,2,5982, ,29.5,29636,70.66
66,000,NA,210,NA,NA,3,5944, ,29.31,29636,70.66
66,000,NA,220,NA,NA,1,4284,*,40.84,15855,68.09
66,000,NA,220,NA,NA,2,3141, ,29.94,15855,68.09
66,000,NA,220,NA,NA,3,3066, ,29.23,15855,68.09
66,000,NA,230,NA,NA,1,16171,*,38.71,67236,64.66
66,000,NA,230,NA,NA,2,12939, ,30.98,67236,64.66
66,000,NA,230,NA,NA,3,12660, ,30.31,67236,64.66
66,000,NA,240,NA,NA,1,13955,*,43.44,48291,68.62
66,000,NA,240,NA,NA,2,9763, ,30.39,48291,68.62
66,000,NA,240,NA,NA,3,8405, ,26.17,48291,68.62
66,000,NA,250,NA,NA,1,16395,*,40.04,64254,66.22
66,000,NA,250,NA,NA,2,12281, ,29.99,64254,66.22
66,000,NA,250,NA,NA,3,12272, ,29.97,64254,66.22
66,000,NA,260,NA,NA,1,13942,*,39.79,53788,67.67
66,000,NA,260,NA,NA,2,11377, ,32.47,53788,67.67
66,000,NA,260,NA,NA,3,9718, ,27.74,53788,67.67
66,000,NA,270,NA,NA,1,46065,*,39.24,180190,67.3
66,000,NA,270,NA,NA,2,36595, ,31.17,180190,67.3
66,000,NA,270,NA,NA,3,34729, ,29.58,180190,67.3
66,000,NA,280,NA,NA,1,45874,*,40.47,174532,67.15
66,000,NA,280,NA,NA,2,34131, ,30.11,174532,67.15
66,000,NA,280,NA,NA,3,33357, ,29.43,174532,67.15
66,000,NA,290,NA,NA,1,2303,*,40.73,8837,66.01
66,000,NA,290,NA,NA,2,1708, ,30.21,8837,66.01
66,000,NA,290,NA,NA,3,1643, ,29.06,8837,66.01
67,000,NA,NA,NA,NA,1,272047,*,24.32,1705926,67.87
67,000,NA,NA,NA,NA,2,242452, ,21.67,1705926,67.87
67,000,NA,NA,NA,NA,3,209572, ,18.73,1705926,67.87
67,000,NA,NA,NA,NA,4,203651, ,18.2,1705926,67.87
67,000,NA,NA,NA,NA,5,191068, ,17.08,1705926,67.87
67,000,NA,010,NA,NA,1,11544,*,24.44,71497,68.38
67,000,NA,010,NA,NA,2,10186, ,21.56,71497,68.38
67,000,NA,010,NA,NA,3,8946, ,18.94,71497,68.38
67,000,NA,010,NA,NA,4,8690, ,18.4,71497,68.38
67,000,NA,010,NA,NA,5,7875, ,16.67,71497,68.38
67,000,NA,020,NA,NA,1,3241,*,24.3,19836,69.36
67,000,NA,020,NA,NA,2,2797, ,20.97,19836,69.36
67,000,NA,020,NA,NA,3,2450, ,18.37,19836,69.36
67,000,NA,020,NA,NA,4,2559, ,19.19,19836,69.36
67,000,NA,020,NA,NA,5,2290, ,17.17,19836,69.36
67,000,NA,030,NA,NA,1,3295,*,23.37,21228,68.42
67,000,NA,030,NA,NA,2,3174, ,22.51,21228,68.42
67,000,NA,030,NA,NA,3,2708, ,19.2,21228,68.42
67,000,NA,030,NA,NA,4,2559, ,18.15,21228,68.42
67,000,NA,030,NA,NA,5,2365, ,16.77,21228,68.42
67,000,NA,040,NA,NA,1,2604,*,24.7,16071,68.23
67,000,NA,040,NA,NA,2,2270, ,21.53,16071,68.23
67,000,NA,040,NA,NA,3,2066, ,19.6,16071,68.23
67,000,NA,040,NA,NA,4,1643, ,15.58,16071,68.23
67,000,NA,040,NA,NA,5,1960, ,18.59,16071,68.23
67,000,NA,050,NA,NA,1,3001,*,23.93,19131,67.94
67,000,NA,050,NA,NA,2,2826, ,22.53,19131,67.94
67,000,NA,050,NA,NA,3,2202, ,17.56,19131,67.94
67,000,NA,050,NA,NA,4,2340, ,18.66,19131,67.94
67,000,NA,050,NA,NA,5,2172, ,17.32,19131,67.94
67,000,NA,060,NA,NA,1,2531,*,24.5,15752,67.75
67,000,NA,060,NA,NA,2,2308, ,22.34,15752,67.75
67,000,NA,060,NA,NA,3,1982, ,19.19,15752,67.75
67,000,NA,060,NA,NA,4,1944, ,18.82,15752,67.75
67,000,NA,060,NA,NA,5,1564, ,15.14,15752,67.75
67,000,NA,070,NA,NA,1,6799,*,24.81,41175,68.89
67,000,NA,070,NA,NA,2,5660, ,20.66,41175,68.89
67,000,NA,070,NA,NA,3,5265, ,19.21,41175,68.89
67,000,NA,070,NA,NA,4,4967, ,18.13,41175,68.89
67,000,NA,070,NA,NA,5,4711, ,17.19,41175,68.89
67,000,NA,080,NA,NA,1,3616,*,24.37,22088,69.05
67,000,NA,080,NA,NA,2,2963, ,19.97,22088,69.05
67,000,NA,080,NA,NA,3,2884, ,19.44,22088,69.05
67,000,NA,080,NA,NA,4,2545, ,17.15,22088,69.05
67,000,NA,080,NA,NA,5,2829, ,19.07,22088,69.05
67,000,NA,090,NA,NA,1,2730,*,25.45,16894,65.81
67,000,NA,090,NA,NA,2,2077, ,19.37,16894,65.81
67,000,NA,090,NA,NA,3,1951, ,18.19,16894,65.81
67,000,NA,090,NA,NA,4,1969, ,18.36,16894,65.81
67,000,NA,090,NA,NA,5,1998, ,18.63,16894,65.81
67,000,NA,100,NA,NA,1,2616,*,21.92,17801,69.43
67,000,NA,100,NA,NA,2,2852, ,23.9,17801,69.43
67,000,NA,100,NA,NA,3,2477, ,20.76,17801,69.43
67,000,NA,100,NA,NA,4,1881, ,15.76,17801,69.43
67,000,NA,100,NA,NA,5,2106, ,17.65,17801,69.43
67,000,NA,110,NA,NA,1,1315,*,25.13,8247,66.17
67,000,NA,110,NA,NA,2,977, ,18.67,8247,66.17
67,000,NA,110,NA,NA,3,1059, ,20.24,8247,66.17
67,000,NA,110,NA,NA,4,1162, ,22.21,8247,66.17
67,000,NA,110,NA,NA,5,720, ,13.76,8247,66.17
67,000,NA,120,NA,NA,1,8448,*,24.33,52425,68.29
67,000,NA,120,NA,NA,2,7860, ,22.64,52425,68.29
67,000,NA,120,NA,NA,3,6169, ,17.77,52425,68.29
67,000,NA,120,NA,NA,4,6254, ,18.01,52425,68.29
67,000,NA,120,NA,NA,5,5990, ,17.25,52425,68.29
67,000,NA,130,NA,NA,1,3621,*,24.63,22379,67.91
67,000,NA,130,NA,NA,2,3286, ,22.35,22379,67.91
67,000,NA,130,NA,NA,3,2632, ,17.9,22379,67.91
67,000,NA,130,NA,NA,4,2655, ,18.06,22379,67.91
67,000,NA,130,NA,NA,5,2508, ,17.06,22379,67.91
67,000,NA,140,NA,NA,1,2989,*,23.26,19791,67.29
67,000,NA,140,NA,NA,2,2691, ,20.94,19791,67.29
67,000,NA,140,NA,NA,3,2498, ,19.44,19791,67.29
67,000,NA,140,NA,NA,4,2559, ,19.92,19791,67.29
67,000,NA,140,NA,NA,5,2112, ,16.44,19791,67.29
67,000,NA,150,NA,NA,1,3004,*,25.98,17562,68.08
67,000,NA,150,NA,NA,2,2458, ,21.26,17562,68.08
67,000,NA,150,NA,NA,3,2182, ,18.87,17562,68.08
67,000,NA,150,NA,NA,4,1918, ,16.59,17562,68.08
67,000,NA,150,NA,NA,5,2002, ,17.31,17562,68.08
67,000,NA,160,NA,NA,1,3008,*,24.7,17381,72.26
67,000,NA,160,NA,NA,2,2539, ,20.85,17381,72.26
67,000,NA,160,NA,NA,3,2320, ,19.05,17381,72.26
67,000,NA,160,NA,NA,4,2236, ,18.36,17381,72.26
67,000,NA,160,NA,NA,5,2073, ,17.03,17381,72.26
67,000,NA,170,NA,NA,1,1586,*,25.46,9347,68.81
67,000,NA,170,NA,NA,2,1328, ,21.32,9347,68.81
67,000,NA,170,NA,NA,3,1179, ,18.92,9347,68.81
67,000,NA,170,NA,NA,4,1039, ,16.68,9347,68.81
67,000,NA,170,NA,NA,5,1098, ,17.62,9347,68.81
67,000,NA,180,NA,NA,1,5473,*,25.08,32209,70.31
67,000,NA,180,NA,NA,2,4642, ,21.28,32209,70.31
67,000,NA,180,NA,NA,3,3886, ,17.81,32209,70.31
67,000,NA,180,NA,NA,4,4183, ,19.17,32209,70.31
67,000,NA,180,NA,NA,5,3635, ,16.66,32209,70.31
67,000,NA,190,NA,NA,1,6476,*,24.15,42683,65.05
67,000,NA,190,NA,NA,2,5652, ,21.08,42683,65.05
67,000,NA,190,NA,NA,3,4990, ,18.61,42683,65.05
67,000,NA,190,NA,NA,4,5116, ,19.08,42683,65.05
67,000,NA,190,NA,NA,5,4578, ,17.07,42683,65.05
67,000,NA,200,NA,NA,1,4642,*,23.77,30268,66.48
67,000,NA,200,NA,NA,2,4215, ,21.58,30268,66.48
67,000,NA,200,NA,NA,3,3612, ,18.49,30268,66.48
67,000,NA,200,NA,NA,4,3589, ,18.38,30268,66.48
67,000,NA,200,NA,NA,5,3472, ,17.78,30268,66.48
67,000,NA,210,NA,NA,1,4047,*,25.79,24386,66.96
67,000,NA,210,NA,NA,2,3365, ,21.44,24386,66.96
67,000,NA,210,NA,NA,3,2863, ,18.24,24386,66.96
67,000,NA,210,NA,NA,4,2839, ,18.09,24386,66.96
67,000,NA,210,NA,NA,5,2579, ,16.43,24386,66.96
67,000,NA,220,NA,NA,1,900,*,21.7,6426,66
67,000,NA,220,NA,NA,2,929, ,22.4,6426,66
67,000,NA,220,NA,NA,3,846, ,20.4,6426,66
67,000,NA,220,NA,NA,4,642, ,15.48,6426,66
67,000,NA,220,NA,NA,5,830, ,20.01,6426,66
67,000,NA,230,NA,NA,1,1798,*,24.74,11338,66.95
67,000,NA,230,NA,NA,2,1487, ,20.46,11338,66.95
67,000,NA,230,NA,NA,3,1363, ,18.75,11338,66.95
67,000,NA,230,NA,NA,4,1296, ,17.83,11338,66.95
67,000,NA,230,NA,NA,5,1325, ,18.23,11338,66.95
67,000,NA,240,NA,NA,1,1165,*,22.84,8057,65.43
67,000,NA,240,NA,NA,2,1047, ,20.53,8057,65.43
67,000,NA,240,NA,NA,3,964, ,18.9,8057,65.43
67,000,NA,240,NA,NA,4,996, ,19.53,8057,65.43
67,000,NA,240,NA,NA,5,929, ,18.21,8057,65.43
67,000,NA,250,NA,NA,1,1145,*,23.6,7193,69.53
67,000,NA,250,NA,NA,2,1172, ,24.16,7193,69.53
67,000,NA,250,NA,NA,3,935, ,19.27,7193,69.53
67,000,NA,250,NA,NA,4,869, ,17.91,7193,69.53
67,000,NA,250,NA,NA,5,730, ,15.05,7193,69.53
67,000,NA,260,NA,NA,1,636,*,24.96,3761,69.93
67,000,NA,260,NA,NA,2,524, ,20.57,3761,69.93
67,000,NA,260,NA,NA,3,507, ,19.9,3761,69.93
67,000,NA,260,NA,NA,4,487, ,19.11,3761,69.93
67,000,NA,260,NA,NA,5,394, ,15.46,3761,69.93
67,000,NA,270,NA,NA,1,10827,*,25.13,65018,68.73
67,000,NA,270,NA,NA,2,9079, ,21.08,65018,68.73
67,000,NA,270,NA,NA,3,7678, ,17.82,65018,68.73
67,000,NA,270,NA,NA,4,7831, ,18.18,65018,68.73
67,000,NA,270,NA,NA,5,7663, ,17.79,65018,68.73
67,000,NA,280,NA,NA,1,10171,*,23.29,65366,69.35
67,000,NA,280,NA,NA,2,9693, ,22.19,65366,69.35
67,000,NA,280,NA,NA,3,8280, ,18.96,65366,69.35
67,000,NA,280,NA,NA,4,7789, ,17.84,65366,69.35
67,000,NA,280,NA,NA,5,7739, ,17.72,65366,69.35
67,000,NA,290,NA,NA,1,4229,*,23.74,27324,67.36
67,000,NA,290,NA,NA,2,3843, ,21.57,27324,67.36
67,000,NA,290,NA,NA,3,3468, ,19.46,27324,67.36
67,000,NA,290,NA,NA,4,3277, ,18.39,27324,67.36
67,000,NA,290,NA,NA,5,3000, ,16.84,27324,67.36
67,000,NA,300,NA,NA,1,510,*,27.04,3068,63.62
67,000,NA,300,NA,NA,2,357, ,18.93,3068,63.62
67,000,NA,300,NA,NA,3,337, ,17.87,3068,63.62
67,000,NA,300,NA,NA,4,368, ,19.51,3068,63.62
67,000,NA,300,NA,NA,5,314, ,16.65,3068,63.62
67,000,NA,310,NA,NA,1,29892,*,24.21,188359,67.9
67,000,NA,310,NA,NA,2,27308, ,22.11,188359,67.9
67,000,NA,310,NA,NA,3,22784, ,18.45,188359,67.9
67,000,NA,310,NA,NA,4,23137, ,18.74,188359,67.9
67,000,NA,310,NA,NA,5,20373, ,16.5,188359,67.9
67,000,NA,320,NA,NA,1,29631,*,23.69,188702,68.69
67,000,NA,320,NA,NA,2,28071, ,22.44,188702,68.69
67,000,NA,320,NA,NA,3,23652, ,18.91,188702,68.69
67,000,NA,320,NA,NA,4,21941, ,17.54,188702,68.69
67,000,NA,320,NA,NA,5,21774, ,17.41,188702,68.69
67,000,NA,330,NA,NA,1,19019,*,25.08,115510,67.9
67,000,NA,330,NA,NA,2,14998, ,19.78,115510,67.9
67,000,NA,330,NA,NA,3,14690, ,19.37,115510,67.9
67,000,NA,330,NA,NA,4,14308, ,18.87,115510,67.9
67,000,NA,330,NA,NA,5,12822, ,16.91,115510,67.9
67,000,NA,340,NA,NA,1,18710,*,24.23,120103,66.45
67,000,NA,340,NA,NA,2,17184, ,22.25,120103,66.45
67,000,NA,340,NA,NA,3,14513, ,18.8,120103,66.45
67,000,NA,340,NA,NA,4,13731, ,17.78,120103,66.45
67,000,NA,340,NA,NA,5,13079, ,16.94,120103,66.45
67,000,NA,350,NA,NA,1,37175,*,24.64,228011,68.49
67,000,NA,350,NA,NA,2,32275, ,21.39,228011,68.49
67,000,NA,350,NA,NA,3,27739, ,18.38,228011,68.49
67,000,NA,350,NA,NA,4,27833, ,18.45,228011,68.49
67,000,NA,350,NA,NA,5,25860, ,17.14,228011,68.49
67,000,NA,360,NA,NA,1,9833,*,24.06,63177,66.77
67,000,NA,360,NA,NA,2,8966, ,21.94,63177,66.77
67,000,NA,360,NA,NA,3,8123, ,19.88,63177,66.77
67,000,NA,360,NA,NA,4,7372, ,18.04,63177,66.77
67,000,NA,360,NA,NA,5,6567, ,16.07,63177,66.77
67,000,NA,370,NA,NA,1,9820,*,24.1,66362,63.55
67,000,NA,370,NA,NA,2,9393, ,23.05,66362,63.55
67,000,NA,370,NA,NA,3,7372, ,18.09,66362,63.55
67,000,NA,370,NA,NA,4,7127, ,17.49,66362,63.55
67,000,NA,370,NA,NA,5,7032, ,17.26,66362,63.55
68,000,NA,NA,NA,NA,1,332193, ,26.7,1895930,67.93
68,000,NA,NA,NA,NA,2,272603, ,21.91,1895930,67.93
68,000,NA,NA,NA,NA,3,280958, ,22.58,1895930,67.93
68,000,NA,NA,NA,NA,4,358331,*,28.8,1895930,67.93
68,000,NA,010,NA,NA,1,67051, ,27.09,380104,67.38
68,000,NA,010,NA,NA,2,53691, ,21.69,380104,67.38
68,000,NA,010,NA,NA,3,55153, ,22.29,380104,67.38
68,000,NA,010,NA,NA,4,71590,*,28.93,380104,67.38
68,000,NA,020,NA,NA,1,63874, ,26.83,362054,67.99
68,000,NA,020,NA,NA,2,52564, ,22.08,362054,67.99
68,000,NA,020,NA,NA,3,53322, ,22.4,362054,67.99
68,000,NA,020,NA,NA,4,68298,*,28.69,362054,67.99
68,000,NA,030,NA,NA,1,12637, ,26.18,73194,68.22
68,000,NA,030,NA,NA,2,11232, ,23.27,73194,68.22
68,000,NA,030,NA,NA,3,11092, ,22.98,73194,68.22
68,000,NA,030,NA,NA,4,13311,*,27.57,73194,68.22
68,000,NA,040,NA,NA,1,25597, ,26.6,149224,66.8
68,000,NA,040,NA,NA,2,20530, ,21.33,149224,66.8
68,000,NA,040,NA,NA,3,21580, ,22.42,149224,66.8
68,000,NA,040,NA,NA,4,28527,*,29.64,149224,66.8
68,000,NA,050,NA,NA,1,24322, ,26.36,138996,68.89
68,000,NA,050,NA,NA,2,20346, ,22.05,138996,68.89
68,000,NA,050,NA,NA,3,21445, ,23.24,138996,68.89
68,000,NA,050,NA,NA,4,26155,*,28.35,138996,68.89
68,000,NA,060,NA,NA,1,12289, ,26.27,71560,67.58
68,000,NA,060,NA,NA,2,10212, ,21.83,71560,67.58
68,000,NA,060,NA,NA,3,10619, ,22.7,71560,67.58
68,000,NA,060,NA,NA,4,13652,*,29.19,71560,67.58
68,000,NA,070,NA,NA,1,25488, ,26.2,146419,68.73
68,000,NA,070,NA,NA,2,21983, ,22.6,146419,68.73
68,000,NA,070,NA,NA,3,21860, ,22.47,146419,68.73
68,000,NA,070,NA,NA,4,27942,*,28.73,146419,68.73
68,000,NA,080,NA,NA,1,33663, ,27.31,184992,68.95
68,000,NA,080,NA,NA,2,26541, ,21.53,184992,68.95
68,000,NA,080,NA,NA,3,28275, ,22.94,184992,68.95
68,000,NA,080,NA,NA,4,34780,*,28.22,184992,68.95
68,000,NA,090,NA,NA,1,17898, ,26.6,103996,66.74
68,000,NA,090,NA,NA,2,15215, ,22.62,103996,66.74
68,000,NA,090,NA,NA,3,15112, ,22.46,103996,66.74
68,000,NA,090,NA,NA,4,19049,*,28.32,103996,66.74
68,000,NA,100,NA,NA,1,30260, ,25.83,179849,67.64
68,000,NA,100,NA,NA,2,25479, ,21.75,179849,67.64
68,000,NA,100,NA,NA,3,26952, ,23.01,179849,67.64
68,000,NA,100,NA,NA,4,34460,*,29.42,179849,67.64
68,000,NA,110,NA,NA,1,7395, ,25.93,41852,70.55
68,000,NA,110,NA,NA,2,5830, ,20.44,41852,70.55
68,000,NA,110,NA,NA,3,6568, ,23.03,41852,70.55
68,000,NA,110,NA,NA,4,8731,*,30.61,41852,70.55
68,000,NA,120,NA,NA,1,10075, ,28.5,54522,67.41
68,000,NA,120,NA,NA,2,7733, ,21.87,54522,67.41
68,000,NA,120,NA,NA,3,7694, ,21.76,54522,67.41
68,000,NA,120,NA,NA,4,9852,*,27.87,54522,67.41
68,000,NA,130,NA,NA,1,1644, ,26.68,9168,69.8
68,000,NA,130,NA,NA,2,1247, ,20.24,9168,69.8
68,000,NA,130,NA,NA,3,1286, ,20.87,9168,69.8
68,000,NA,130,NA,NA,4,1984,*,32.2,9168,69.8
